id,track_name,artist_name,acousticness,danceability,energy,valence,instrumentalness,speechiness,tempo,loudness,mode,key,duration_ms,time_signature
6a39kPvPFGKt1eaiHY9cNe,Wake Up,A-bid,0.399,0.174,0.414,0.0531,0.659,0.0385,135.159,-15.466,1,5,258926.0,3.0
3DIwkdcEJ9efmjfmhyc254,Wish You Were Here,HISASHI KANZAKI,0.51,0.0787,0.234,0.0572,7.82e-05,0.0352,179.612,-11.907,0,9,256000.0,3.0
66nJBHV6WtQI3IiU6n8fY5,Slow It Down,The Lumineers,0.93,0.428,0.064,0.108,0.0,0.0374,142.438,-14.42,1,1,307000.0,4.0
3lr0AiCRkCvtQxsjdtjN9j,Rattletrap,Ollie Joseph,0.251,0.722,0.505,0.622,0.0,0.158,80.003,-10.423,0,0,154133.0,4.0
1JkZg3eMQTmTn93E8Yd3UL,I Want You to Want Me,Cheap Trick,0.774,0.806,0.462,0.738,0.0122,0.0298,92.726,-12.778,1,2,191227.0,4.0
3w0CCk2rcNTin7tkgmnjgW,Provas de Amor,Flávia Dantas,0.944,0.826,0.298,0.58,5.04e-06,0.037,128.15,-12.896,1,5,250441.0,4.0
5xUJYQA7f6WU77N8VDASBH,Sweetest Pie - David Guetta Dance Remix,Megan Thee Stallion,0.226,0.807,0.799,0.825,0.0,0.0347,126.042,-5.918,0,11,143000.0,4.0
2NfxtzCIrpCmJX5Z2KMdD5,Myth,Beach House,0.032,0.445,0.708,0.414,0.0908,0.0293,141.965,-6.268,1,3,258653.0,4.0
418HchwsfJA5eFMfoXWNKR,渚のカモメ、君と僕,神崎ひさし,0.201,0.598,0.688,0.68,0.687,0.0267,121.117,-11.106,0,9,238418.0,4.0
4IAd7Vdwcc1E86P15tXjca,Only When It Rains,Frank Walker,0.219,0.792,0.724,0.429,0.0,0.0362,109.984,-5.108,0,11,169000.0,4.0
6608y3j5Io0WBRbhawhnAD,Don't Be Afraid,Lee DeWyze,0.0319,0.596,0.752,0.805,0.424,0.0379,115.985,-9.045,1,3,184667.0,4.0
3r4zJhOS92RECuCXKyCcO2,Boys Don't Lie,Shoes,3.6e-05,0.472,0.551,0.823,0.0729,0.0346,141.317,-15.461,1,7,117400.0,4.0
748MqeDRJ401KBqwCn5zHB,Seven (feat. Latto) (Alesso Remix),Jung Kook,0.0333,0.685,0.893,0.777,0.0,0.0468,124.97,-4.244,0,8,162480.0,4.0
42iaZygYmdyZomAtvPoxG1,Good Things Fall Apart (with Jon Bellion) [Tiësto's Big Room Remix],ILLENIUM,0.00512,0.563,0.81,0.47,0.0,0.0525,129.978,-2.923,1,2,247385.0,4.0
16dlq6d5h6tcuwAdYDkM2j,Get Out There,Ollie Joseph,0.0411,0.591,0.683,0.406,0.0,0.0789,77.091,-7.385,1,5,138701.0,4.0
3jD0sNqQslkLh0O4mSLjzK,Nightride,Black Cobra of Death,0.00031,0.498,0.694,0.168,0.74,0.0262,91.994,-7.286,1,0,323478.0,4.0
0DhkTGjEaIHaSxTfC14BFm,Lullaby,R3HAB,0.0267,0.626,0.8,0.258,0.000138,0.035,127.966,-3.988,0,1,160184.0,4.0
1HipoaSYHoDxgMxwTmGxQ7,Every Word Means No,Let's Active,9.3e-05,0.477,0.845,0.832,0.0159,0.0448,138.006,-11.276,1,4,173787.0,4.0
1nHxHjCfUleJgxuh5HtlTl,Locked Away,Lone Tusker,0.109,0.649,0.78,0.344,2.4e-05,0.0416,105.995,-7.702,1,1,167547.0,4.0
20bEhIPWXBFeX0wwnPOaZw,Simply Fantasy,Denyx,0.717,0.719,0.498,0.456,0.89,0.0571,130.023,-12.133,0,1,227004.0,4.0
0MMWj8de7P5rm4OnsJzlMn,Follow,Crystal Fighters,0.444,0.535,0.766,0.625,0.0621,0.0786,151.96,-5.799,1,2,196480.0,4.0
6Odzp6o3kA4rSztpIMxw0w,Fuel to Fire,Agnes Obel,0.945,0.413,0.218,0.121,0.047,0.034,129.186,-14.89,0,9,328040.0,4.0
5TZcyH9biCPfH8WDiPk8WA,Teenage Kicks,The Undertones,0.000908,0.413,0.784,0.565,0.0,0.0431,134.985,-6.529,1,2,148160.0,4.0
3IeyiKLhC6F7RQRG3z6GEu,Hasta Que Pueda,Amanda Martinez,0.754,0.803,0.286,0.734,0.0548,0.0498,118.781,-13.318,0,5,183867.0,4.0
6PwjJ58I4t7Mae9xfZ9l9v,Somebody Told Me,The Killers,9.04e-05,0.497,0.97,0.689,0.000674,0.0836,138.081,-4.851,0,10,197200.0,4.0
1yoMvmasuxZfqHEipJhRbp,Hawái,Maluma,0.185,0.783,0.727,0.558,2.46e-05,0.389,180.067,-3.454,0,6,199112.0,4.0
4xSBY4PgvdUUtdMZfoUJI3,Be Good 2 Me,LUXXURY,0.000736,0.675,0.831,0.964,0.04,0.0413,128.022,-6.112,0,9,218679.0,4.0
4jtdEcsmSfV1WLCGqdOr2J,Iron,PurNie,0.313,0.257,0.861,0.216,0.1,0.15,119.429,-6.499,1,7,278005.0,4.0
1ClQpnPU9M6mQpXGvhGPvQ,Sígueme Y Te Sigo,Daddy Yankee,0.0723,0.745,0.882,0.693,2.45e-05,0.0407,100.014,-3.636,1,11,209787.0,4.0
3blh1ffgD9bYnOLXIv3OnB,Dança da Solidão,YVY MARAEY,0.507,0.74,0.247,0.527,0.000124,0.0627,150.037,-12.245,0,4,201775.0,4.0
0hFF0aqyjDwDh6SQwRbTyx,I Can Do It With a Broken Heart - Dombresky Remix,Taylor Swift,0.00215,0.708,0.913,0.349,3.64e-05,0.0354,128.003,-5.852,1,0,189392.0,4.0
3rb0tMq42WfggucPm0HHkA,Bad Memories (feat. Elley Duhé & FAST BOY),MEDUZA,0.118,0.607,0.767,0.662,0.0,0.0474,123.998,-6.069,0,5,148629.0,3.0
5aiparNTTmMbIYu0aszliH,God Forgives,Ollie Joseph,0.0429,0.659,0.478,0.403,0.0,0.0776,179.831,-8.205,1,5,142000.0,4.0
7tOcPDj3vyopZ404pY6UuP,Shooting Stars,Bag Raiders,0.0528,0.664,0.717,0.555,0.000348,0.0391,124.989,-5.699,1,11,227027.0,4.0
5UBq9iGT7lfpibWr7KKqKe,Girls Talk,Dave Edmunds,0.0899,0.57,0.802,0.893,0.0,0.0313,128.843,-10.099,1,1,209267.0,4.0
7BkNs7DRxzsa09I3tzk2XO,Drive (feat. Wes Nelson) - Topic VIP Remix,Clean Bandit,0.0672,0.587,0.868,0.459,3.16e-05,0.0496,126.019,-3.025,0,10,176000.0,4.0
5XMYHUrX71sStmDNqJoyPZ,Black Sea,Natasha Blume,0.176,0.463,0.595,0.108,9.11e-06,0.0332,59.977,-5.251,0,4,253513.0,4.0
1MZQ3I032Ic4eQ5sD55APz,Menina Moca,Dusko Goykovich,0.829,0.631,0.343,0.823,0.618,0.0392,89.263,-13.318,0,2,214533.0,4.0
6sLNxBBh3f0ctaH2YHH4VD,Juventud,PurNie,0.754,0.772,0.488,0.187,0.0145,0.0332,125.992,-11.463,1,1,163125.0,4.0
0BoAhTz2MEF3BnAJDvITdN,Dover Beach,The Bangles,0.00828,0.437,0.785,0.472,0.00568,0.0555,120.037,-10.637,1,9,228107.0,4.0
4aWmUDTfIPGksMNLV2rQP2,Despacito (Featuring Daddy Yankee),Luis Fonsi,0.209,0.66,0.786,0.846,0.0,0.17,177.833,-4.757,1,2,228200.0,4.0
3t7ZW9Vb2TtJbf1y9WYRdE,Down On You,Revelries,0.139,0.694,0.737,0.52,0.119,0.0749,124.972,-7.452,0,1,165120.0,4.0
0wI0S42Cg41DVGqIIVimTM,Blinding Lights,Revelries,0.178,0.61,0.711,0.5,0.0,0.0797,99.99,-6.661,0,2,176406.0,4.0
6mquiliT5cGJX4uGScN8vZ,Carola - Spanish Version,Jador,0.0715,0.707,0.74,0.338,0.00405,0.229,179.963,-4.747,1,1,137333.0,4.0
42OFEFrA21pir9Yx800KAV,Under The Moonlight,Ollie Joseph,0.124,0.408,0.582,0.448,0.0,0.0677,82.24,-5.898,1,8,193214.0,4.0
6VSTojwGCJyOOW1ja1LlL4,Coco Jamboo,Mike Candys,0.0562,0.832,0.809,0.739,0.0,0.0975,104.967,-3.856,1,9,189714.0,4.0
4ZEOsAI4G4F9teRLMJP4y1,Japonesa,Mau y Ricky,0.0951,0.802,0.667,0.681,2.12e-06,0.0654,81.989,-6.514,0,4,156161.0,4.0
15jBv4alwUXEFj84g4bnEF,Southbound,Ollie Joseph,0.339,0.836,0.402,0.359,0.0,0.0376,113.007,-6.339,1,8,140177.0,4.0
4Wu62DoQg1ECGlDKDfo30R,Hero,Martin Garrix,0.316,0.534,0.696,0.251,0.0,0.0694,168.149,-5.211,0,9,160714.0,4.0
5vPanUHkh1TIp7rWEEPd9Q,Na Casa Do Seu Humberto,Márcio Faraco,0.683,0.776,0.344,0.7,0.0799,0.178,80.638,-15.437,1,0,280600.0,4.0
2HVJpBSh3RSbrt0ApWTG0t,Beautiful - Benny Benassi Remix,Christina Aguilera,0.0511,0.45,0.808,0.037,3.23e-05,0.0645,134.053,-5.289,1,8,215920.0,4.0
70YPzqSEwJvAIQ6nMs1cjY,In Your Arms (with X Ambassadors),ILLENIUM,0.198,0.404,0.806,0.112,0.0,0.0496,148.036,-4.75,1,2,220730.0,4.0
2SHxSdFtJbkxIAsWLy0oGH,Slow Dance,Gran Error,0.202,0.832,0.786,0.267,0.000208,0.152,120.042,-6.001,0,4,180000.0,4.0
6izmfTSlNiKuB8ri7nRpU8,SO FAR,DANNY EAST,0.593,0.828,0.403,0.342,0.0,0.308,105.714,-11.35,0,10,176850.0,3.0
0B6GRS3vGtzu6w5BQXqWMq,Kung Fu,Dasoul,0.137,0.817,0.804,0.57,1.4e-05,0.0651,104.996,-4.372,1,1,234280.0,4.0
7brRnnzMQtAPybNOwbmRms,My Feelings For You - Don Diablo Remix,Avicii,0.246,0.746,0.896,0.133,9.78e-06,0.227,125.939,-4.015,0,6,205714.0,4.0
6ft4hAq6yde8jPZY2i5zLr,Paradise (feat. Dermot Kennedy),MEDUZA,0.0689,0.632,0.595,0.435,0.0,0.0401,124.114,-7.644,0,8,167903.0,4.0
55pL9DxugHhacf74Oc0ixg,The Cool Summer Serenade,HISASHI KANZAKI,0.211,0.716,0.562,0.727,0.618,0.0284,113.802,-12.213,0,10,196127.0,4.0
0rL4ceCmI3GUnX6AyMduHe,Sube el Volumen,Elena Ionescu,0.0135,0.682,0.8,0.613,6.92e-06,0.182,106.13,-5.317,0,4,183113.0,4.0
4feuOKMODHs9TP5SRsJqps,Influence and Atlas,Roman Remains,0.205,0.733,0.59,0.597,0.0464,0.0642,129.988,-9.421,1,2,236320.0,4.0
6sSXlaw3tSUNhETDlG5WoQ,I Don't Like Your Face,The Heats,0.0503,0.58,0.65,0.877,0.000848,0.0712,146.376,-9.653,1,9,144823.0,4.0
72QkCKEVHkS41Fadqeehea,When You Find Out,The Nerves,0.169,0.727,0.942,0.973,2.2e-06,0.044,162.166,-6.473,1,5,120787.0,4.0
2aNdc37YEkejmcZIWzPRSU,Drive Me Down,Velvet Crush,0.000655,0.0976,0.936,0.574,0.537,0.0553,164.965,-8.079,1,11,235480.0,4.0
6GAvlyyIZM9uvNa5VPSFMK,It's ok I'm ok - Ian Asher remix,Tate McRae,0.0415,0.671,0.855,0.0904,0.232,0.0327,120.008,-4.825,1,9,166125.0,4.0
2V5LZRtEyOIs3C1DC1s1oE,Djeale,Emilia,0.262,0.762,0.658,0.688,0.0,0.0595,158.011,-5.389,0,4,212658.0,4.0
0ou367q5bmco9pZNxq80iD,Day 'N' Nite - Martin Jensen Edit,Stefy De Cicco,0.0611,0.766,0.849,0.589,0.0809,0.0361,125.033,-5.42,0,11,166200.0,4.0
4BU11QcrwQfB2iN5amWMrD,MJ,"Now, Now",0.418,0.677,0.772,0.727,0.816,0.0359,123.981,-7.085,0,10,232360.0,4.0
62o8KoI44JfN7aYxgTnPvh,Mala Mía,Maluma,0.31,0.749,0.752,0.901,0.0,0.345,180.049,-4.883,1,6,183753.0,4.0
1LCsZwb1UjQU2kColz203p,You Make Me Real,HISASHI KANZAKI,0.0724,0.772,0.296,0.436,0.00594,0.0324,109.916,-18.354,1,0,122187.0,4.0
2o3787qcyApHSXSk0NkW1g,Talk About Love (Party Pupils Remix),Kate Hudson,0.0018,0.816,0.704,0.775,0.000136,0.28,124.051,-4.998,1,0,270968.0,4.0
5mdjfBsyzl78NQI4sI4IzR,Walking Blind,Aidan Hawken,0.897,0.374,0.183,0.134,0.0387,0.0281,82.042,-13.225,1,9,201440.0,4.0
7oOHmn71o7XjdeHJkfGNj2,In This Life,The Strumbellas,0.568,0.259,0.659,0.326,0.0,0.0583,188.14,-5.885,1,9,163893.0,4.0
75GQIYnRaBg7ndHxhfYuQy,Go All The Way,Raspberries,0.548,0.305,0.849,0.555,0.000134,0.0999,134.287,-4.892,1,9,205347.0,4.0
59wlTaYOL5tDUgXnbBQ3my,A Moment Apart,ODESZA,0.172,0.406,0.665,0.0758,0.693,0.0352,119.988,-7.903,0,7,234244.0,4.0
04J03yanQCmSuigan5Y0cM,Bruk It Down (feat. TxTHEWAY),KSHMR,0.0483,0.63,0.897,0.625,6.77e-06,0.206,108.312,-3.807,0,6,136982.0,4.0
18KjYhghq6K3ZmfcewWDp6,Mistaken (feat. Alex Aris),Martin Garrix,0.0573,0.424,0.694,0.0801,0.000937,0.0386,128.034,-4.912,0,6,282481.0,4.0
59zbXPD0j7JxsVVm480g3b,Shivers (Dillon Francis Remix) [Main Mix],Ed Sheeran,0.0646,0.744,0.828,0.579,1.4e-05,0.0289,124.029,-5.911,1,2,127766.0,4.0
3SdoxPPDTKyVZxpm5OcaBX,So I Love You,HISASHI KANZAKI,0.424,0.782,0.388,0.855,0.00175,0.0371,140.021,-14.812,1,0,169720.0,4.0
25KybV9BOUlvcnv7nN3Pyo,In The Night,The Weeknd,0.0796,0.505,0.68,0.539,0.0,0.0714,168.022,-4.993,1,7,235653.0,3.0
3NaTMzagO4nwJVKL9tXcWm,Shooting Star,Anna Yvette,0.0171,0.56,0.742,0.387,0.0,0.0301,125.027,-5.28,1,8,239839.0,4.0
6Oj1ZEiePGA8JR4PqaV7CX,Was There Nothing?,Ásgeir,0.899,0.51,0.208,0.195,0.00315,0.0282,137.447,-15.04,1,11,228950.0,4.0
3WV0ujoWqeaETjbUtX7svc,Jale - Djeale Romanian Remix,Jador,0.29,0.767,0.653,0.68,3.94e-06,0.0467,158.042,-5.782,0,4,212658.0,4.0
0T1QQTMx8jTbtOEeBKe43I,LA ISLA,Giusy & Elettra,0.0208,0.78,0.672,0.754,0.0,0.156,94.998,-7.868,0,10,155468.0,4.0
02wdwZ0ffTX0AAGYRNqMwF,Choka Choka (feat. Ozuna),Chayanne,0.0122,0.703,0.763,0.622,3.82e-05,0.0883,173.957,-5.038,0,6,223416.0,4.0
0ct6r3EGTcMLPtrXHDvVjc,The Nights,Avicii,0.0166,0.527,0.835,0.654,0.0,0.0433,125.983,-5.298,1,6,176658.0,4.0
3uvsVUrAaGQJCTEUR1S3Sx,Bare,WILDES,0.783,0.523,0.422,0.145,0.00514,0.027,129.876,-10.385,0,3,242060.0,4.0
3uSFpeYSJ4zi8LP6mUS05L,Para Siempre,Alessandra,0.0203,0.569,0.79,0.309,2.86e-06,0.066,180.058,-5.338,0,5,186667.0,4.0
4N07y8w4lTxubuaUl5oHJ2,Linda,Andreea Banica,0.000467,0.706,0.727,0.573,0.13,0.0319,104.977,-6.344,0,1,208666.0,4.0
2yRFJtVAKuqvQ2CMjSWwlZ,Half Past Five,Ollie Joseph,0.125,0.716,0.754,0.462,0.0,0.0579,88.048,-4.499,1,1,166364.0,4.0
3dRivVoqkBSb00TYFymSXq,Should have known better,Thelma & Lowie,0.232,0.81,0.781,0.885,0.000795,0.0363,120.01,-5.812,1,0,182933.0,4.0
7zRpF0NObigGlGa66UsWgg,Sabotage,Amy Stroup,0.857,0.568,0.413,0.211,0.0118,0.0246,93.991,-11.06,1,5,230053.0,4.0
54UHfqfg9t4IMMkywPNubg,Golden,Scars On 45,0.0902,0.529,0.787,0.275,1.83e-05,0.0367,124.006,-5.981,1,2,207787.0,4.0
5Ay8r4qxJ1OYLS91tWysRf,Don't Go Yet - Major Lazer Remix,Camila Cabello,0.228,0.806,0.73,0.629,0.000114,0.149,124.914,-5.73,0,10,171265.0,4.0
78tUvdZ95lvU4UfcgxkqFP,REACT (feat. Ella Henderson) - Don Diablo Remix,Switch Disco,0.044,0.729,0.724,0.0614,0.00401,0.0882,126.202,-4.715,0,6,195239.0,4.0
0cgamHlmwP4AMxGxHVkYiT,When I Think of You,HISASHI KANZAKI,0.881,0.753,0.293,0.239,0.636,0.0356,99.938,-12.192,1,0,207600.0,3.0
3MeuVUh1mtkbRxsnK40pTU,Forever and Ever,Royal Wood,0.0103,0.619,0.952,0.786,0.0,0.0297,101.991,-4.471,1,10,216960.0,4.0
4gvAocL5C5UKJcJ2kEJlka,Don't You Give up on Me,Milo Greene,0.118,0.56,0.613,0.505,0.00429,0.0275,124.01,-8.756,1,9,197873.0,4.0
01taSR6jZbCAd9eaxBnf2D,Introspection,Celluloidhead Collective,0.982,0.601,0.0347,0.466,0.956,0.105,172.469,-24.515,0,5,196952.0,3.0
3VffHUhdEa88raqRyf8CqF,Hopeful,HISASHI KANZAKI,0.802,0.721,0.378,0.401,0.0402,0.0255,99.969,-10.727,1,0,225600.0,4.0
2R48fiuznT0kQusmGJgh8I,Bella Bella,Luca Hänni,0.0367,0.478,0.798,0.803,0.0,0.115,97.177,-6.386,0,7,176875.0,4.0
6ZoSpXcMrmsr1cf3v9mUkW,Back To You,Ollie Joseph,0.0103,0.619,0.703,0.341,0.0,0.0254,94.014,-5.044,1,4,208085.0,4.0
3D4gFGqqytH7NP5R9gkned,I Live,Jason Falkner,0.00101,0.43,0.799,0.662,0.0,0.0352,118.245,-9.192,1,0,191440.0,4.0
4ZTTUAjJCd4NMZmIU7RB4c,Midnight (feat. Liam Payne),Alesso,0.0561,0.588,0.648,0.283,0.0,0.0435,144.029,-6.927,0,11,220141.0,4.0
2PnWf3DoX5Ha3UL8VdpVrs,Lavender Haze - Snakehips Remix,Taylor Swift,0.0652,0.684,0.801,0.449,6.8e-06,0.134,109.866,-5.199,1,10,187511.0,4.0
20aDJhWpujO3SaS11eZ3PW,Amsterdam,Daughter,0.637,0.601,0.494,0.237,0.681,0.0283,130.991,-12.417,0,9,242320.0,4.0
7CSuQ0Ee9ep2e7IUo0Xll5,Some Other Time,The Shazam,0.0012,0.441,0.837,0.86,2.45e-06,0.0369,127.263,-6.569,1,4,168333.0,4.0
7CNnr17XNq6rvU2LM3H7MD,what would you do? - Galantis Remix,Tate McRae,0.204,0.784,0.719,0.71,1.85e-05,0.0457,120.95,-3.439,1,9,161463.0,4.0
5BvYDMGVglxUrMN6mBDFxF,Fragolina,Dani Mocanu,0.035,0.869,0.711,0.732,1.31e-06,0.115,96.008,-5.248,0,2,150000.0,4.0
2Jt8OOQV33kCWJs7ojOCUJ,Good Ones - Joel Corry Remix,Charli xcx,0.0385,0.719,0.807,0.684,0.0178,0.0365,124.961,-4.383,1,10,165142.0,4.0
0IN0ekbAcZ2FpnxBFYgmEb,Kalinka,Morandi,0.252,0.724,0.723,0.597,0.0,0.192,104.957,-5.481,0,6,224714.0,4.0
1hiOiIesfbJ9PEJxpfMEp4,Everybody Else,Ollie Joseph,0.308,0.577,0.468,0.141,0.0,0.0928,182.113,-7.35,1,4,204560.0,4.0
69igBzOIFWjBL2l0imZKKI,Real Life (Angel),Elbow,0.404,0.553,0.463,0.0778,1.85e-06,0.0275,106.008,-9.811,1,5,407333.0,4.0
3WIYFmIDmu9tcNSTNTBXvY,Descanso Gardens,Revelries,0.133,0.647,0.935,0.441,0.00725,0.0462,124.017,-6.377,0,4,166573.0,4.0
3FWWh7YVaOwq1PurKgLWnh,Scotland,The Lumineers,0.0163,0.581,0.604,0.208,0.0321,0.0256,96.962,-9.303,0,10,228481.0,3.0
6utxhKCY7RymXlkiQ3djJ6,Couldn't I Just Tell You,Todd Rundgren,0.0048,0.344,0.877,0.687,0.000168,0.0754,123.922,-6.031,1,4,202507.0,4.0
2S68WpmPi4gFg9pg78alRb,Barcelona,Andra,0.196,0.768,0.742,0.659,0.0,0.047,94.987,-3.544,0,0,194049.0,4.0
3nbRFWzOJrHIRh3xc53bKK,Renee Remains The Same,Material Issue,0.000817,0.515,0.913,0.624,7.96e-05,0.0556,133.392,-10.643,1,7,196600.0,4.0
5xJrqHHLIqJlaK6c05pwYB,Eyes Closed - Lost Frequencies Remix,Ed Sheeran,0.411,0.816,0.609,0.513,6.81e-05,0.0735,121.005,-7.197,0,11,179530.0,4.0
3TxKtkCNR1yQARsvHxvNnP,Tokyo Nights,Digital Farm Animals,0.0319,0.556,0.671,0.252,0.000377,0.0647,105.057,-6.366,0,11,243536.0,4.0
4fWBWbCkXz0LkfSq65kQik,Pa Mi,Gran Error,0.368,0.793,0.621,0.445,2.66e-06,0.268,102.086,-6.097,0,4,165441.0,4.0
4NzenFNqsYRvrG7rLdF1Ej,Boom Boom,RedOne,0.00453,0.749,0.759,0.584,0.0,0.0451,110.004,-8.065,0,7,248364.0,4.0
1zc5ihEFgBH6G4CnCixYGJ,Learned My Lesson,Revelries,0.0326,0.583,0.96,0.11,0.00733,0.0494,132.974,-5.908,0,9,148421.0,4.0
5YL7rH0cV48cGucqEZOnoJ,Rock N Roll Girl,Paul Collins,0.289,0.437,0.692,0.97,0.0,0.0341,158.48,-9.76,1,7,136160.0,4.0
4cI2rd2D44mBjwUVFxTkUZ,Caution - Radio Edit,The Killers,0.00525,0.278,0.931,0.167,5.78e-06,0.121,178.346,-3.719,1,7,228040.0,4.0
5QQP285zzkj1rvOuYZdWpj,You Go Your Way - Jodie Harsh Remix,Perrie,0.000862,0.689,0.836,0.698,0.000854,0.0715,132.061,-4.196,1,10,167299.0,4.0
2W57qfUxKVkEylRpfyo0RR,Esa Boquita - Remix,J Alvarez,0.334,0.745,0.77,0.949,0.0,0.144,180.042,-3.294,0,11,228521.0,4.0
3gSWLcuVuwhf1JWHOa1nSf,Amor e Paz,Luisa Maita,0.961,0.483,0.0376,0.185,0.0781,0.041,78.26,-19.919,0,11,164640.0,3.0
5guPWQ0fh1VebSJC51AIxd,I Found You,Ag Silver,0.151,0.453,0.445,0.12,0.000184,0.0266,71.967,-7.702,1,9,246667.0,4.0
561pBFcFL2Pwb9HPO9tU8J,places to be,Fred again..,0.0253,0.548,0.878,0.826,0.000934,0.0598,174.043,-5.154,1,10,226677.0,4.0
5VAKSvSx6qYcZBRIDatEsR,Festa Parade,HISASHI KANZAKI,0.0885,0.758,0.445,0.95,0.00643,0.0276,109.971,-9.95,1,0,226920.0,4.0
3XrjwX3W34EcE4NtDcgZfM,Canto das Três Raças,Clara Bellar,0.819,0.614,0.291,0.375,0.000267,0.057,81.952,-12.287,1,7,256734.0,4.0
2WWNjXrjSAafp7CQxb1Zuh,Leon,Jorge González,0.382,0.783,0.537,0.709,0.0,0.147,100.035,-8.247,1,8,184830.0,4.0
2ZKzyIqPU6Mq2mKwiibJ6e,North Star,Ollie Joseph,0.0723,0.604,0.62,0.297,1.29e-06,0.032,159.942,-6.085,1,6,148500.0,4.0
6mIFIa8s75nF0S4sDrJ68s,Clash of Origins,Filosophy,0.000176,0.316,0.985,0.412,0.928,0.187,170.037,-6.805,0,6,319425.0,4.0
2c62Xf5Po1YSa1N6LOjPHy,Hello My Old Heart,The Oh Hellos,0.624,0.557,0.299,0.297,0.0308,0.0266,90.081,-10.634,1,0,256007.0,4.0
116H0KvKr2Zl4RPuVBruDO,MIA (feat. Drake),Bad Bunny,0.0141,0.817,0.539,0.158,0.000496,0.0621,97.062,-6.349,0,6,210368.0,4.0
64t4ITb5JsYSupjDjTLD9I,Vila Cosmos,Putumayo,0.893,0.71,0.195,0.571,0.00294,0.33,79.991,-16.123,0,2,137250.0,4.0
53LwBS4bovyljsMlLqGfd6,American Girl,Tom Petty and the Heartbreakers,0.445,0.552,0.823,0.775,0.000129,0.0332,114.514,-5.988,1,2,214733.0,4.0
1sPUneI4q4ZChaPXXNpfWa,March: Hills to Climb,Tim Myers,0.00285,0.474,0.665,0.226,0.0249,0.0307,113.972,-6.886,1,6,239600.0,4.0
5QO79kh1waicV47BqGRL3g,Save Your Tears,The Weeknd,0.0212,0.679,0.825,0.644,1.21e-05,0.0309,118.049,-5.487,1,0,215627.0,4.0
0CwuEzHYIozknhTwzpV8Al,Soulful,HISASHI KANZAKI,0.479,0.645,0.344,0.574,0.0354,0.0338,119.976,-11.528,1,5,352000.0,4.0
4vscivhV2lTexfeFnC2eg0,Claro Que Si,Juan Magán,0.0724,0.888,0.695,0.581,0.0,0.204,104.957,-5.657,0,5,182286.0,4.0
4wLASW3FebRjyPPlNpK0NP,She Goes out with Everybody,The Spongetones,0.00687,0.434,0.842,0.866,6.29e-06,0.0392,132.964,-9.458,1,4,146707.0,4.0
27LGLeCqEyeYnvO7lW1UNS,Ride or Die (feat. Foster the People) - Big Gigantic Remix,The Knocks,0.00986,0.661,0.705,0.638,0.00057,0.252,114.938,-6.626,1,7,205000.0,4.0
6S3JlDAGk3uu3NtZbPnuhS,Baby Blue - Remastered 2010,Badfinger,0.0189,0.623,0.876,0.515,0.0134,0.066,124.431,-7.788,1,11,217347.0,4.0
2G1HHex5wd5aPto102Qegi,O Caminho - Putumayo Version,Putumayo,0.947,0.659,0.334,0.102,2.85e-05,0.0329,128.107,-10.064,0,9,212960.0,4.0
2MnYsIjTPqIUVlR2hnfbLC,Meu Mundo é Hoje,Péri,0.893,0.698,0.143,0.515,0.0,0.11,77.155,-11.909,0,2,200467.0,4.0
6Esm09YZlCd58xR08xT021,Steal My Clothes (ft. Bea Miller) – LP Giobbi Remix,Kito,0.0249,0.633,0.857,0.794,0.156,0.0322,125.004,-3.764,0,9,205440.0,4.0
1M8U7UHu9rhwumTu8IrqeD,Praising You (feat. Fatboy Slim),Rita Ora,0.07,0.689,0.788,0.656,0.0,0.084,122.968,-4.978,1,8,164693.0,4.0
31JwHrEcDWkilfTkFZlKNr,Let Somebody Go - Kygo Remix,Coldplay,0.163,0.552,0.721,0.325,0.000183,0.0323,162.09,-7.313,1,0,197267.0,4.0
1nPd60em5Qwp0NPykFz5Xj,Happy Endings (feat. iann dior and UPSAHL),Mike Shinoda,0.0307,0.652,0.876,0.695,0.0,0.0359,126.007,-3.323,1,7,212513.0,4.0
059bcIhyc2SBwm6sw2AZzd,Te Vi,Piso 21,0.0446,0.877,0.777,0.706,3.46e-05,0.117,102.02,-4.246,1,1,231848.0,4.0
7AC2sIU1IhrsNsI5x3dImr,I Wanna Be With You,Raspberries,0.271,0.222,0.932,0.588,0.0,0.085,133.26,-3.835,0,1,187720.0,4.0
2DJiIvTfbC5D53Ig1VnRli,In the Breeze,HISASHI KANZAKI,0.721,0.668,0.339,0.15,0.578,0.0325,120.107,-13.981,0,10,210000.0,5.0
33xJCTa4rq5hJzb3013MuC,Provocador,Mandinga,0.0403,0.753,0.818,0.751,0.000282,0.0563,94.998,-3.656,1,11,176842.0,4.0
6gdDu39yYqPcaTgCwYEW8i,Turn On The Lights again.. (feat. Future),Fred again..,0.0125,0.683,0.887,0.551,0.446,0.0497,132.007,-4.944,0,6,267947.0,4.0
4v3JgPvGZBqRnKfW8FCtfa,CIKA CIKA (feat. Xhensila) - Remix,Ardian Bujupi,0.0426,0.839,0.826,0.662,2.69e-06,0.0885,99.992,-4.371,1,1,199293.0,4.0
6rQH3vtLfFI9epOr7pREXH,Rendezvous,Ollie Joseph,0.139,0.895,0.635,0.76,0.0,0.0466,109.941,-4.134,1,11,177818.0,4.0
6wVWJl64yoTzU27EI8ep20,Crying Lightning,Arctic Monkeys,0.0148,0.498,0.885,0.67,0.00041,0.0461,106.719,-4.423,0,4,224827.0,4.0
4CF4m1r2l6G0OMtGiPQmXw,Don't,Saxena,0.619,0.609,0.591,0.177,0.00314,0.123,122.068,-11.605,1,6,162298.0,4.0
6WMlGPaInP2ljO3XuEMMau,Que Baile Ella,Brackem,0.0167,0.73,0.935,0.466,0.0,0.178,102.136,-4.259,0,9,180000.0,4.0
6ChSWCoIHkRY7pvDmTUNxv,Feel The Heat,Ashes for Dreams,0.0221,0.636,0.464,0.429,0.00501,0.0259,105.043,-15.001,0,9,220000.0,4.0
6c5EBdNzskN2TityeFiaXM,Dark (feat. Rachel Sermanni),Peter Katz,0.86,0.329,0.14,0.17,0.0201,0.0406,118.165,-14.971,1,2,264368.0,4.0
7GiozRoMk95aFl1WbrDdjX,Nobody,NOTD,0.0166,0.818,0.773,0.878,7.64e-06,0.0579,122.016,-5.714,0,8,143953.0,4.0
2TjXzbUt5zQ4PpHG0dEaT1,Pulling Mussels (From The Shell),Squeeze,0.002,0.593,0.702,0.901,8.38e-05,0.0409,142.006,-12.668,1,0,238133.0,4.0
6KAeEcT1qSCQwKFnu10Dek,By Your Side,Alex&Sam,0.892,0.51,0.223,0.387,0.344,0.0299,169.912,-15.863,1,1,186787.0,4.0
4jEEuzGRbFcqLGzqOlengz,Rompopopom,Valderrama,0.136,0.733,0.635,0.423,0.0,0.363,178.122,-5.617,0,5,188785.0,4.0
6Ed1q0X8oSKSm4IIhiQbYg,Daylight,Joji,0.00488,0.528,0.749,0.729,9.6e-05,0.0479,163.944,-7.571,1,7,163906.0,4.0
7iZnsZYNMPaVCduZvOQH7K,Give It All Up,Revelries,0.146,0.778,0.852,0.58,0.023,0.0452,120.025,-5.257,0,7,158250.0,4.0
7wG5Ss7MDyyE54xDaUV26E,Rise & Shine,Blackribbon,0.000364,0.603,0.597,0.851,3.11e-05,0.0332,98.077,-6.861,0,8,142750.0,4.0
047xUP6yfOVCIBfLE7OiC0,Manhã de Carnaval,Amanda Martinez,0.764,0.62,0.342,0.41,0.00394,0.0389,123.296,-13.675,0,9,283067.0,4.0
15ouqiBsgL12olEwP3COsH,Águas De Março,Elis Regina,0.7,0.683,0.517,0.673,1.22e-05,0.23,144.129,-11.86,0,0,214004.0,4.0
11NkxJtowfjaJksJbjYAS0,Outro Lugar,Toco,0.213,0.733,0.696,0.627,0.447,0.053,151.939,-10.512,1,6,201376.0,4.0
3bABGgsIWYm0CF9SYaxC4U,Ready Set Go,Zee Krayski,0.0459,0.511,0.865,0.728,0.0,0.212,96.891,-6.714,1,1,171122.0,4.0
66B969FAL6Hdnb5IpQqewc,Moon Rocker,Roberto Lattanzio,0.00322,0.736,0.833,0.947,0.298,0.0361,127.991,-6.606,1,1,215001.0,4.0
0lDvjI92aVKb1BLoRV6FaH,New Mistake,Jellyfish,0.178,0.461,0.661,0.905,2.3e-06,0.0313,120.735,-8.413,1,11,243080.0,3.0
2c3KCGq6UojB2c8UAFrRON,New Gold (feat. Tame Impala and Bootie Brown) - Dom Dolla Remix,Gorillaz,0.012,0.716,0.897,0.358,0.262,0.0629,127.03,-7.185,0,4,274142.0,4.0
2JaC8uo1DMNTUv7zbKsFdE,I'm Yours,Secret Nation,0.934,0.318,0.0657,0.166,0.0889,0.0371,72.505,-17.945,1,1,179078.0,4.0
6VD3T09spn64tjPcBih64P,The Door - CYRIL Remix,Teddy Swims,0.0824,0.851,0.511,0.322,0.0,0.0775,127.984,-7.603,0,8,210476.0,4.0
0rIZ49wxDf8H2LXOKmAMW5,Qué Chimba,Maluma,0.0112,0.726,0.949,0.595,0.00193,0.0805,127.999,-3.416,1,7,169741.0,4.0
1jEkMWyMKSLgREGszNDZLJ,Someday,Lliam Taylor,0.108,0.81,0.565,0.358,0.0571,0.11,120.992,-9.274,0,11,202280.0,4.0
5Ts1DYOuouQLgzTaisxWYh,Love Grows (Where My Rosemary Goes),Edison Lighthouse,0.403,0.568,0.824,0.753,0.0,0.0299,108.625,-4.613,1,9,174760.0,4.0
2cysivCqQYAXRM9beBDiBD,Sauce On Tap,Ollie Joseph,0.116,0.686,0.576,0.15,0.0,0.0573,81.529,-7.446,1,8,120000.0,4.0
25cuYm8I6xl4v8Lx8uJCkJ,Tudo de Bom,Putumayo,0.778,0.472,0.292,0.561,0.00363,0.265,75.917,-17.386,1,2,176842.0,4.0
5Dmy7r4tBqaZcz68hb033g,In a Kind of Smooth,HISASHI KANZAKI,0.511,0.827,0.501,0.909,0.444,0.0498,120.003,-13.694,1,0,184000.0,4.0
2m4k5snVJgpZ7yPYKnw1Wm,CAN'T TOUCH THIS - R3HAB Remix,BIA,0.0854,0.782,0.951,0.694,0.000126,0.139,125.953,-5.809,1,1,123214.0,4.0
5tZK4fQveimVaoGbKcwQ3x,Off The Wagon,Ollie Joseph,0.0892,0.81,0.636,0.453,0.0,0.059,92.497,-5.159,0,9,138017.0,4.0
4lFY65nuFJbcLnSxUGgUs0,Horizon,Ollie Joseph,0.00528,0.7,0.548,0.399,0.0,0.0618,92.008,-10.338,1,4,170054.0,4.0
1n441XV55b21VveSUSA1SA,Lá Vem a Baiana,Jussara Silveira,0.668,0.712,0.427,0.619,0.000178,0.118,88.174,-11.808,0,4,242867.0,4.0
51S2HwSjMnezsNzc2tzp2A,Vida de Estrela,Pierre Aderne,0.788,0.543,0.309,0.846,0.0804,0.0465,156.279,-13.685,0,4,160653.0,4.0
1HNvcaQidI1Rxh0sVMU8is,Cold Feet,Loud Luxury,0.0119,0.717,0.672,0.226,0.0004,0.0332,122.011,-5.772,1,1,175152.0,4.0
2KcHkOMv6EgNzZMcM9nPHO,Senora,Mouse 'N' Cat,0.0205,0.646,0.915,0.61,0.0,0.0587,115.03,-3.825,0,5,180783.0,4.0
67M8Sg4R7bEidOf0cag0Ld,Little of Your Love - BloodPop® Remix,HAIM,0.143,0.656,0.855,0.504,0.0,0.0582,112.047,-3.087,0,1,204680.0,4.0
7irtA5rKDC8oyyKqjpRnTk,Kyoto Dreams,HISASHI KANZAKI,0.397,0.616,0.561,0.183,0.447,0.0378,111.034,-8.866,0,6,113548.0,4.0
4TIkSdsNSfqpuq6ZYvCjAz,All You Need To Know (feat. Calle Lehmann),Gryffin,0.00699,0.53,0.729,0.219,0.0,0.0376,139.929,-6.019,1,0,238338.0,4.0
44FQ0gi4f5J9j7JoyoeJe9,Willow Creek,Ollie Joseph,0.0244,0.517,0.696,0.223,0.0,0.209,165.305,-5.435,1,0,128727.0,3.0
0UJTqW5J4mwX7vFshzB9Tq,Hoosier,Ollie Joseph,0.033,0.708,0.669,0.412,0.0,0.141,166.002,-6.644,1,2,151807.0,4.0
2e75tckZTIgKg2RTt51LzN,Buona sera,Gran Error,0.364,0.799,0.739,0.711,0.0012,0.226,116.116,-7.248,0,4,135517.0,4.0
7MWioMnh9Zp0oGT6JqjXuV,Superstition,Natalie Walker,0.419,0.546,0.663,0.415,0.0419,0.0267,74.491,-7.542,0,0,210733.0,4.0
5QH3sjtAIJmeUiVuwDOjui,Show Me Love - Dubdogz Remix,Steve Angello,0.00567,0.648,0.804,0.376,0.0033,0.0541,123.971,-8.232,0,9,189677.0,4.0
5iSvlEhNJhrHUFPSHluDF0,Nights,Neon Trees,0.0126,0.501,0.858,0.599,0.0,0.0342,169.946,-4.34,0,0,215888.0,4.0
3W2ZcrRsInZbjWylOi6KhZ,You & Me - Flume Remix,Disclosure,0.378,0.599,0.392,0.26,0.000107,0.0257,75.066,-6.869,0,10,282813.0,4.0
1ps5972g02HgOtvjE8OMfz,How Do I Say Goodbye - Tiësto Remix,Dean Lewis,0.0166,0.655,0.648,0.21,3.48e-05,0.064,133.007,-6.176,1,8,225564.0,4.0
1dugtBYF0ibxJ45vDGidX8,Can't Stand without You,HISASHI KANZAKI,0.841,0.611,0.282,0.344,0.136,0.0274,99.998,-20.267,1,5,319200.0,4.0
03duS4fiU5jSVOZFR7TTQa,Espresso - Mark Ronson x FNZ Working Later Remix,Sabrina Carpenter,0.0268,0.737,0.877,0.906,0.00979,0.045,112.006,-5.65,0,10,338180.0,4.0
2MqhqiDXpc9UEfckdO8sMb,Southbound,Ollie Joseph,0.339,0.836,0.402,0.359,0.0,0.0376,113.007,-6.339,1,8,140177.0,4.0
55eTWeJxCNyIoziwKsQwZX,Trabajar,Young Ash,0.0346,0.763,0.844,0.545,0.0,0.155,105.054,-4.166,0,9,148024.0,4.0
0vfU7l5ow52EfMIdPAoTHU,Free,DJ Leonak,0.589,0.772,0.465,0.487,0.000312,0.042,120.004,-14.29,1,7,137927.0,4.0
15WWh0s2lB6kYryjjvNxTh,If I Can't Change Your Mind,Sugar,0.122,0.356,0.992,0.774,0.0127,0.0556,160.92,-3.67,1,5,198933.0,4.0
25XKGylzfFJuLiw5rrtjI7,Dicen,Camba,0.149,0.931,0.424,0.646,0.275,0.0387,108.02,-14.752,0,7,232192.0,4.0
3CPTds5E1PozuNSqWoAjwM,Getting Better,HISASHI KANZAKI,0.917,0.599,0.284,0.249,0.8,0.0355,180.052,-12.486,0,2,373334.0,4.0
6MGjkhfrqfWmZBETFg5VpP,Tilikum,Benjamin Francis Leftwich,0.923,0.458,0.347,0.37,0.00983,0.0306,129.156,-14.41,1,6,286747.0,4.0
7qhWpxXzjPoSUYPClYxQ0E,Places That Are Gone,Tommy Keene,0.000541,0.291,0.927,0.545,0.00047,0.0701,143.871,-6.004,1,5,233560.0,4.0
6Ow5yGcdb7YhjRmZJ2cViv,Padam Padam (Jax Jones Remix),Kylie Minogue,0.0406,0.729,0.806,0.336,0.101,0.0462,139.986,-4.969,1,0,204243.0,4.0
1H0VkrtSnxCJKbqUhvwxds,End Of Time - Justin Caruso Remix,Zara Larsson,0.0104,0.582,0.899,0.394,0.0402,0.0895,129.045,-4.679,0,5,152720.0,4.0
6yzssJwmdgLEISvz6eiPr9,Kings and Queens and Vagabonds,Ellem,0.172,0.381,0.606,0.231,0.0481,0.0411,146.022,-7.912,0,9,193973.0,4.0
7EtMa8eHEOfvh1ANRHQ9uh,For Sure,Future Islands,0.0475,0.584,0.76,0.782,0.187,0.0299,134.989,-5.724,1,10,205250.0,4.0
3KHOGMuot7UqyMXxkEgmip,Con Ganas,Natalia,0.0436,0.849,0.767,0.406,0.146,0.127,107.003,-3.753,0,6,174000.0,4.0
02KD2bwneuZsqbttRtl5eE,Crossed At Noon,Ollie Joseph,0.00719,0.707,0.669,0.401,7.58e-06,0.0306,122.996,-7.238,1,8,159094.0,4.0
012CS1QIhUjjRctJwZasSx,My Baby,Sanders Bohlke,0.014,0.487,0.498,0.39,0.00608,0.0433,110.675,-9.091,0,2,171853.0,4.0
3B61es35RhmjeZgFuG6VV2,Grow Old with Me,Tom Odell,0.509,0.474,0.583,0.367,0.0,0.0278,146.007,-7.488,1,7,182720.0,4.0
6VxXJ7Z2QjdH0l8pYZ6TPl,Lábios Castanhos,Putumayo,0.653,0.801,0.458,0.771,0.0523,0.0362,121.994,-11.537,0,4,167000.0,4.0
0lUpFSunaTfkre3A6L6yfH,For Your Tomorrow,HISASHI KANZAKI,0.893,0.22,0.183,0.228,0.601,0.0363,109.789,-14.374,1,5,250920.0,4.0
3H7ihDc1dqLriiWXwsc2po,Breaking Me,Topic,0.223,0.789,0.72,0.664,0.0,0.218,122.031,-5.652,0,8,166794.0,4.0
5YZX840FQQuMpLFUXE9Cla,Discoteca - Deorro Remix,IAmChino,0.0261,0.743,0.987,0.59,0.26,0.0769,127.969,-2.089,0,4,190312.0,4.0
1HOMkjp0nHMaTnfAkslCQj,My Sharona,The Knack,0.0589,0.586,0.7,0.897,0.00125,0.0363,147.245,-9.558,1,0,295400.0,4.0
78zYiMv9yNTHgmm6kaUPCm,Saturday Night,Bay City Rollers,0.199,0.514,0.681,0.913,0.0356,0.065,136.821,-10.026,1,7,174400.0,4.0
12cUspO9uPLcib1vavJBbf,Headshot,Akcent,0.0324,0.824,0.763,0.635,4.03e-06,0.058,100.026,-5.819,0,5,178432.0,4.0
7f1GRFQtH7PSCsMw3s9eT1,Su Canción,Jay Maly,0.184,0.79,0.689,0.819,5.41e-06,0.171,179.921,-5.793,0,5,182766.0,4.0
1jvoeTYt8usIxGWQUSzEyz,Come to Me,The Goo Goo Dolls,0.0505,0.589,0.669,0.421,0.0,0.0253,92.06,-4.835,1,0,225333.0,4.0
2DBrPQTW0zRxVMKVxCZvxg,BAILAR CONTIGO - TELYKAST Remix,Black Eyed Peas,0.0119,0.65,0.86,0.462,0.00476,0.0317,127.994,-6.055,0,10,230903.0,4.0
5Nu5Uyoauauy9LFePYL1Z3,Late Night,ODESZA,0.0357,0.62,0.638,0.414,0.0124,0.0687,125.148,-6.416,1,2,228590.0,4.0
4PFku6zW0Dv2paRBuaaFfI,Sea Lo Que Sea,Dj Sava,0.0133,0.773,0.869,0.661,0.0554,0.058,119.002,-5.909,0,8,232534.0,4.0
4eAyz5WW8UA4AGjfF4RFTr,I'd Like It to Be Me,Paul Otten,0.0404,0.699,0.564,0.515,0.0176,0.0428,100.015,-14.724,1,8,226250.0,4.0
0K6qyBg69Dh41UGnGQYoMN,The Cool Summer Serenade,HISASHI KANZAKI,0.211,0.716,0.562,0.727,0.618,0.0284,113.802,-12.213,0,10,196127.0,4.0
57YuVCx5NRYfreRDQsUQix,Last Forever (feat. Sam Sparro) - Lifelike Remix,Oliver,0.371,0.677,0.824,0.359,0.00102,0.295,118.064,-6.045,1,4,309493.0,4.0
03fYrhVMiS3g4zOH6WoYYU,Un Momento,INNA,0.104,0.687,0.939,0.93,0.00251,0.153,128.109,-3.795,0,2,206387.0,4.0
7DfIDN6rPq46vu648YhlT6,Hold Me Up,Velvet Crush,0.000984,0.366,0.635,0.704,0.00313,0.0328,127.394,-7.414,1,1,178973.0,4.0
3i0mrW0olxDQh2VzxfFjFh,Chill Out,A-bid,0.0177,0.299,0.889,0.34,0.264,0.296,90.873,-8.451,1,7,129352.0,5.0
3gbBpTdY8lnQwqxNCcf795,Pompeii,Bastille,0.0755,0.679,0.715,0.571,0.0,0.0407,127.435,-6.383,1,9,214148.0,4.0
3lQ8O81skGzpDFj2EP3nuv,The Power of Love,Gabrielle Aplin,0.901,0.277,0.291,0.175,2.47e-05,0.0306,75.119,-9.851,0,11,245160.0,3.0
0PDZ4Rgj36MxVgvoMv3sk5,Another Girl Another Planet,The Only Ones,0.179,0.325,0.688,0.378,0.000104,0.117,156.349,-12.473,1,4,180093.0,4.0
1YXS5uFWQnwQbN9dmXgYrC,Lose You - Felix Jaehn Remix,Sam Smith,0.18,0.59,0.71,0.504,0.0,0.249,139.988,-7.651,1,8,156405.0,4.0
1yyQxEZcZBSTyI1sShNGKC,My Love - MEDUZA Remix,Florence + The Machine,0.0988,0.628,0.717,0.117,0.0138,0.0359,124.89,-4.82,0,9,211200.0,4.0
7MtJ0dU4m3F6JQG9qdyaPk,Kill Me Better,Don Diablo,0.108,0.477,0.784,0.504,0.0,0.0549,79.887,-3.598,1,8,193569.0,4.0
2RNl3AdLnO1rLt8sUJUCFr,Funky Voices,Thelma & Lowie,0.51,0.716,0.459,0.712,7.99e-05,0.0375,100.033,-12.077,1,7,212800.0,4.0
1285n66OGGUB3Bnh6c18nS,Bridges,BROODS,0.017,0.389,0.634,0.27,0.0,0.137,169.539,-6.362,0,4,191808.0,4.0
7voiBaN17WeUzrIEU0oTMa,Agora ou Jamais,Putumayo,0.801,0.769,0.474,0.691,0.0,0.0612,153.858,-10.934,0,11,265400.0,4.0
0AHNdhgODRD0qqzhm3hbAW,Stay High,Sak Noel,0.034,0.672,0.828,0.464,0.0,0.22,101.985,-5.858,0,10,212173.0,4.0
34jbqvwrPyiZOCplbNSmii,Happiness with You,HISASHI KANZAKI,0.418,0.523,0.603,0.491,0.79,0.034,110.012,-11.898,1,0,174546.0,4.0
6MxXe1BRJMl1Bu1NB1oKwU,Rush - Tom Santa Remix,Troye Sivan,0.0707,0.612,0.886,0.578,0.0725,0.0624,144.968,-8.694,1,7,143000.0,4.0
5gEni4dmBqme8fyPcyWYiK,Kate's Not Here - Day Wave & Lawrence Rothman Remix,Lawrence Rothman,0.000368,0.482,0.866,0.372,0.116,0.0293,147.994,-4.534,1,7,187364.0,4.0
1SDE6NorcBVtssHzaWeRC4,Ghost - Merk & Kremont Remix,Ava Max,0.00171,0.675,0.929,0.461,0.000666,0.0483,125.98,-5.201,0,11,173571.0,4.0
7zn34CwAGnyt6nNweLPkNV,Le Carnaval des Animaux: XIII (Le Cygne),Camille Saint-Saëns,0.939,0.296,0.363,0.242,0.735,0.033,128.208,-9.613,1,7,157216.0,4.0
2yEHX6MqAXPyD7bm47A2Br,Pump It Louder,Tiësto,0.00789,0.66,0.942,0.543,1.76e-05,0.185,126.017,-2.273,1,4,158571.0,4.0
2PIUCzla97QjWMkcfpvcam,Reflections,HISASHI KANZAKI,0.125,0.484,0.45,0.622,0.622,0.0654,128.003,-12.011,1,0,225000.0,4.0
7dTOcmT036tnqEerEPu351,Un Poco De Mi,Natalia,0.0861,0.783,0.873,0.569,0.0,0.0654,100.952,-3.619,0,9,199373.0,4.0
2HtSqfsa6fCxCFBGKBWILM,Nights,Neon Trees,0.0126,0.501,0.858,0.599,0.0,0.0342,169.946,-4.34,0,0,215888.0,4.0
0nmHVEKnBniX3DOmMwCOZi,Green Green Grass - Sam Feldt Remix,George Ezra,0.14,0.729,0.868,0.846,0.0,0.155,119.941,-4.276,1,8,138000.0,4.0
5S1GxFi7EyZafHbMbFDXtc,Tu Boquita,Jorge González,0.141,0.742,0.885,0.894,0.0,0.114,99.991,-4.027,0,7,183066.0,4.0
0x2LyxaYfomjNJDjlBR4wb,Electron Meets Proton,Roberto Lattanzio,0.00349,0.776,0.869,0.31,0.86,0.0682,141.991,-4.537,0,10,197677.0,4.0
3EQ2hN1qgF11VyAxjOdLI6,Contigo,Sonny Flame,0.0687,0.612,0.924,0.607,1.69e-05,0.163,187.937,-1.819,1,7,211277.0,4.0
4LRwjwOXTDOekgjQMj203L,椰子の木陰で,神崎ひさし,0.375,0.679,0.405,0.393,0.0,0.0266,77.008,-9.017,1,7,204000.0,4.0
5k0eARx1kCEsU2ZZ33h6Rl,Fly Away,Distant Cousins,0.714,0.66,0.394,0.323,7.42e-06,0.0319,105.947,-11.04,1,2,130755.0,4.0
3GNVv35ps7X4njyQJqE56s,Your Soul,RHODES,0.342,0.433,0.477,0.164,1.82e-06,0.0342,106.576,-8.756,1,5,231909.0,4.0
7qvnuOkP59xoaO9PcIKKeF,Sandbar,Ollie Joseph,0.137,0.611,0.566,0.213,0.0,0.0725,88.39,-4.97,1,9,186102.0,4.0
4mipXE0NSZwqGkqv7ZoRth,I Go Wild,The Three O'Clock,0.000374,0.492,0.782,0.791,0.0,0.029,135.49,-7.878,1,5,169907.0,4.0
3xS6Z9UE5pu6h1ry68jVGj,Roses,Hand On Heart,0.0491,0.525,0.537,0.62,0.00202,0.0351,137.992,-11.054,0,4,207453.0,4.0
4cno0k9jDEFpLAQyHNjqVx,Tócame (feat. Arcangel & De La Ghetto),Anitta,0.0205,0.785,0.74,0.746,8.28e-05,0.172,100.057,-5.374,1,1,166265.0,4.0
2i9bvnKUsL49QMsvoQFrMk,Amanheceu,Fernanda Cunha,0.866,0.681,0.459,0.694,0.0221,0.0293,105.088,-11.181,0,5,159006.0,4.0
6QMAf8XC85zNMyVeG8llH7,Save My Soul,RIVVRS,0.2,0.626,0.669,0.173,0.000337,0.0343,119.041,-7.413,1,7,210795.0,4.0
31E4Q0BWulUd0ma25p3QkA,Solo Quiero Amarte,Boni & Kelly,0.364,0.733,0.791,0.643,0.0,0.0388,92.995,-4.293,1,10,213145.0,4.0
18YenzoMK7jIPJSmiVQuxw,Desafinado,Rosa Passos,0.902,0.532,0.252,0.636,0.0435,0.0473,146.96,-17.071,1,7,285400.0,4.0
16LC3a89v6BA77wmbrSOwI,A Day in Kyoto,HISASHI KANZAKI,0.863,0.715,0.256,0.161,0.925,0.0397,87.975,-9.204,1,0,226364.0,4.0
2YFhqZvhTpyK13gKXMKV7R,"Girl, so confusing featuring lorde",Charli xcx,0.17,0.692,0.823,0.458,0.00802,0.0547,124.964,-7.209,0,11,207412.0,4.0
5bhDL4GgUvr5LBrpjqyrte,Lo Malo,Aitana,0.363,0.71,0.739,0.784,1.83e-06,0.0453,94.993,-4.414,1,9,180832.0,4.0
1U3VkqNBorp6hxLoM6JlQJ,Never Gonna Not Dance Again - Sam Feldt Remix,P!nk,0.0336,0.716,0.758,0.493,1.33e-06,0.111,123.947,-5.895,1,10,167419.0,4.0
5KbhvaeqKIB2bZcJMyfezl,Hold Me Closer - Joel Corry Remix,Elton John,0.0124,0.641,0.896,0.124,6.46e-05,0.0402,125.992,-5.45,1,0,248595.0,4.0
3K8J6QAIs0mSI1wP0WTQky,Ave María,Sebas Estrada,0.467,0.816,0.58,0.37,0.0638,0.0425,105.02,-7.225,1,7,172571.0,4.0
373yMsVZxylBG7FyFQ7xKy,Jupiter,Drewmat,0.0577,0.632,0.731,0.507,0.0,0.0509,159.992,-6.166,1,9,160500.0,4.0
0hZMxUkCaqEoxHTvtYKE0E,Little Mascara,The Replacements,0.00607,0.363,0.963,0.282,0.0,0.269,140.984,-9.528,0,11,216800.0,4.0
25nzKGDiua1lE9Qo5V19GL,Young Blood,The Naked And Famous,5.63e-05,0.579,0.865,0.358,0.000221,0.0302,104.99,-4.692,1,6,246600.0,4.0
2VsMPBlyoaMMPyeT90DNBL,Para,Gianluca Vacchi,0.0179,0.752,0.647,0.361,7.85e-05,0.164,179.988,-4.064,0,5,177000.0,4.0
4oSVlwgWFNpWTnVaFPCljH,Good Good - Jax Jones Midnight Snacks Remix,USHER,0.00322,0.672,0.846,0.58,0.000218,0.0377,140.95,-5.888,0,5,194173.0,4.0
0ERah7NusfdWkJzHLtexF7,Swinging Sky Line,HISASHI KANZAKI,0.329,0.772,0.391,0.289,0.621,0.0352,129.981,-9.58,1,5,206769.0,4.0
2Rn7bVL1FVYboc4c55RUdg,Dreaming,Blondie,0.0048,0.293,0.92,0.673,0.000199,0.0562,161.846,-3.377,1,2,188494.0,4.0
6hECx0pi4hktKfT97XJszp,Te Quiero,Akcent,0.00348,0.639,0.83,0.538,5.61e-05,0.0363,95.011,-5.039,0,2,189474.0,4.0
5FVd6KXrgO9B3JPmC8OPst,Do I Wanna Know?,Arctic Monkeys,0.186,0.548,0.532,0.405,0.000263,0.0323,85.03,-7.596,1,5,272394.0,4.0
50TDuEVjOkAfMSbDYRjLDi,Mueve Tu Pum Pum,Valderrama,0.293,0.742,0.745,0.641,4.55e-06,0.213,178.107,-4.291,1,6,187167.0,4.0
6UcWKOxtacXc7hQr2YIZMP,Senor Loco,Elena,0.0896,0.758,0.895,0.942,0.0,0.0631,128.041,-3.984,0,5,200097.0,4.0
7nwEab6Y4LXbKUZDNofOag,Numb - Alok Remix,Marshmello,0.00632,0.639,0.965,0.408,0.148,0.0435,127.027,-5.21,1,5,172913.0,4.0
4Oq1E9snv4oXN08osZl9qT,Somersaults,Ashes for Dreams,0.568,0.45,0.301,0.172,0.00175,0.0288,179.866,-13.093,1,0,220000.0,4.0
1u929gXLPAfVusmIz63Nej,Good Die Young,Ollie Joseph,0.105,0.39,0.626,0.516,0.0,0.107,84.178,-9.087,0,11,136750.0,4.0
0yuQpkg85PYPhUCQRgXFGG,Undercurrent - Electric Version,Ralph Beeby & the Elephant Collective,0.0541,0.232,0.841,0.599,1.93e-05,0.0759,146.122,-5.409,0,2,231182.0,4.0
7CHi4DtfK4heMlQaudCuHK,Lose Control,MEDUZA,0.129,0.598,0.527,0.53,0.0,0.0415,123.943,-8.659,0,10,168387.0,4.0
66gG8RzSA2sVQwME8e43wX,Fox On The Run,Sweet,0.0308,0.523,0.762,0.881,0.0,0.0346,128.064,-8.669,1,4,205733.0,4.0
6os12cBDMpc30Ln3eVAc9X,Starts,Charles William,0.00193,0.535,0.67,0.419,1.33e-05,0.0326,97.074,-5.165,1,2,224216.0,4.0
1rGd2CoMxEg2dnaytLY5ZG,Goodies,Dillon Francis,0.0176,0.837,0.865,0.631,0.0174,0.04,126.009,-3.639,0,5,121905.0,4.0
67UAImj4r5ZfCwhpsTvn5l,Pure,Luke Sital-Singh,0.837,0.721,0.22,0.429,0.0,0.0516,108.153,-12.308,1,6,251111.0,4.0
1vXAz4n40ATSTxxki5M6Im,Texas,Ollie Joseph,0.122,0.797,0.519,0.598,0.0,0.058,94.989,-8.877,1,0,153237.0,4.0
0fECy1K7lo6PqoYfpU9kFS,Nena,Dj Sava,0.12,0.756,0.733,0.572,1.14e-05,0.134,122.955,-5.547,0,9,204536.0,4.0
58ld9gCajAh91BBTEK7TY9,Never Catch Me Now,Ralph Beeby & the Elephant Collective,0.787,0.525,0.564,0.371,0.0,0.0382,120.055,-5.773,0,9,293000.0,4.0
66zpFqXbzvjpzcHFznvEYz,My Sincerely Harmony - Piano Version,Silfredim,0.936,0.629,0.469,0.632,0.922,0.0376,130.031,-14.719,1,5,196514.0,4.0
1xrPJv9PnTyU0C6V6MgtG0,Lil Boo Thang - Galantis Remix,Paul Russell,0.0403,0.79,0.859,0.889,3.89e-06,0.0526,119.946,-5.29,1,0,129631.0,4.0
0abWAORGz6Q5DPfhgU23Nl,Pieces of My Dream,HISASHI KANZAKI,0.599,0.741,0.309,0.51,0.938,0.043,110.029,-14.955,1,0,279280.0,4.0
6ohF26Ub3iq1uo0uhQA6JQ,City Girl,John Brazell,0.503,0.611,0.439,0.413,1.68e-06,0.0287,92.579,-10.406,1,7,197206.0,4.0
37Pzp99fWclO03gG0k9wHF,Something Good,Ollie Joseph,0.0229,0.789,0.427,0.19,4.12e-06,0.148,82.476,-7.527,1,2,168733.0,4.0
3XR6fn24fQhdlJqSmqwxvW,Fala Brasil,Rogê,0.686,0.683,0.382,0.95,0.1,0.0655,156.87,-14.49,0,1,182593.0,4.0
3tYj8cE1pm2qnkASMSV6sm,A Voz Do Povo,Paulinho Da Viola,0.721,0.794,0.389,0.757,0.0248,0.0766,99.157,-14.788,0,9,181093.0,4.0
4FnEj8GyRBQByZxGKiS3cI,君と奏でる恋の調べ,HISASHI KANZAKI,0.744,0.405,0.586,0.226,0.0,0.0385,74.045,-6.908,1,0,198000.0,4.0
37GplPmP2JCLifXt9YXVv2,Twenty One,Ollie Joseph,0.489,0.803,0.53,0.547,0.0,0.0315,116.093,-7.133,1,4,150776.0,4.0
1E8i4Xq9tH2LVWC0b1Sptj,Sunroof - Loud Luxury Remix,Nicky Youre,0.0736,0.642,0.76,0.482,0.0,0.0976,122.898,-4.221,1,10,173659.0,4.0
2BOUrjXoRIo2YHVAyZyXVX,Colors,Beck,0.00106,0.656,0.871,0.683,0.0233,0.071,119.997,-4.548,1,11,261742.0,4.0
4alHo6RGd0D3OUbTPExTHN,Just What I Needed,The Cars,0.0152,0.62,0.579,0.691,6.4e-05,0.0473,127.215,-9.307,1,4,225627.0,4.0
4SYbdrmyDpCvWkoC4skk5z,I Got A Feeling - James Hype Remix,Felix Jaehn,0.106,0.788,0.765,0.91,0.00728,0.0492,125.949,-4.866,0,9,161257.0,4.0
5gyrGCIucSPBZdgupcgKHX,Million Dollar Baby - Nathan Dawe Remix,Ava Max,0.053,0.742,0.844,0.488,4.13e-05,0.236,133.066,-3.506,1,0,185865.0,4.0
6IRgwlJMmQIxS9WXbQLAYX,Pega Pega,"Tito ""El Bambino""",0.124,0.8,0.845,0.843,1.13e-06,0.0574,96.998,-4.189,0,11,219600.0,4.0
3csA5Vhx2lK9naZ97Zfr3z,Hey Girl (Friday Afternoon State Of Mind),The Technician aka Theo Starr,0.442,0.523,0.201,0.134,0.394,0.0346,110.095,-16.733,0,1,316421.0,4.0
7hvoyetcJ26N0123e9lhkf,I Think We're Alone Now,The Rubinoos,0.163,0.586,0.565,0.633,0.0,0.0541,128.956,-8.55,1,11,176040.0,4.0
4Vb8fzZfCOI351qz1g0ExT,Teacher Teacher,Rockpile,0.313,0.578,0.777,0.92,2.61e-05,0.0428,148.703,-9.268,1,0,154227.0,4.0
57DnnWSSZvmm2aWl2odskY,ふるさとは春風,神崎ひさし,0.759,0.575,0.468,0.252,0.0,0.0291,133.769,-7.262,1,7,218256.0,4.0
4bL0sCjnM6a1rKoBIHJYxI,Tell It To My Heart (feat. Hozier) - Tiësto Remix,MEDUZA,0.00177,0.632,0.857,0.483,0.000154,0.0504,127.963,-3.659,0,11,175313.0,4.0
3oo9cAU8AJ5w794mm82t6k,Love in Tanger,Alex Mica,0.312,0.684,0.845,0.477,0.0,0.1,103.984,-3.742,0,3,189231.0,4.0
2RILQNBg6aOGCCE3DNpeLU,Love Like This,Kodaline,0.05,0.473,0.825,0.414,0.0,0.0361,124.009,-4.773,1,0,216067.0,4.0
1X5vSL1rBrE8Ztl0uXPi8F,Cleaner Flyer,Kooda Dyed,0.000249,0.785,0.715,0.743,0.821,0.0421,127.007,-10.108,1,6,306033.0,4.0
1tGmXu0s8ob0VFjNoQlyKc,Never Say Die,CHVRCHES,0.00819,0.535,0.684,0.0601,3.87e-05,0.0332,111.039,-4.355,0,1,263645.0,4.0
3ha7L5WWZdhIpnNrzduKW8,We Can't Be Friends,Lone Tusker,0.155,0.666,0.563,0.251,0.00046,0.0388,122.037,-9.285,1,1,146572.0,4.0
2igwFfvr1OAGX9SKDCPBwO,Empire State Of Mind,JAY-Z,0.0295,0.491,0.956,0.811,0.0,0.392,173.585,-1.538,1,11,276920.0,4.0
3UpuPB1VoG921FxQze8xSU,Te Quiero,Claydee,0.00833,0.662,0.889,0.6,0.0145,0.0361,109.991,-3.766,1,0,188870.0,4.0
1HtZS4fv2nIZaCSfFVlcHc,I Love It (feat. Charli XCX) - I Don’t Care 2022 Re-Edit,Icona Pop,0.00524,0.707,0.853,0.748,9.05e-05,0.254,125.941,-6.093,1,8,152672.0,4.0
6HJTudh3Zd7WfxJHOHsvDB,10:35 (feat. Tate McRae) - Joel Corry Remix,Tiësto,0.00367,0.671,0.852,0.835,0.0033,0.0415,127.005,-5.375,1,8,181442.0,4.0
7rvt1RP5Nsh7ldfDEx3fAT,I've Been Waiting,Matthew Sweet,2.71e-05,0.495,0.644,0.793,6.62e-06,0.0294,128.927,-12.469,1,2,216933.0,4.0
6TBVPLlKe7U07KLzxMhv0G,Second Choice,Any Trouble,0.0283,0.816,0.736,0.987,0.0,0.0333,133.905,-6.464,1,7,178293.0,4.0
6lg0LbusSUOx3UrOGd3ZiW,Emily's Tea Party,Trampoline,0.000981,0.576,0.735,0.547,0.000254,0.0251,81.976,-3.606,1,7,202973.0,4.0
3Hvg5tRKsQlX25wYwgMF9p,Flowers in Your Hair,The Lumineers,0.75,0.67,0.609,0.573,6.74e-05,0.0333,127.463,-10.088,1,7,109736.0,4.0
3DETHSJw3qaEfAxOWdY01p,Hide and Seek,Claire Guerreso,0.0541,0.611,0.562,0.308,0.293,0.0292,115.001,-9.006,0,4,175843.0,4.0
1Wdj4wRDYS7aT4CoPS0mAH,You Are Enough,Sleeping At Last,0.707,0.593,0.5,0.466,1.24e-05,0.0291,117.978,-8.532,1,1,180087.0,4.0
7G6wPvRaaAvfDN96xHoCGb,Downtown,Suaz,0.133,0.68,0.707,0.434,0.0,0.0352,145.987,-7.351,1,9,147945.0,4.0
58X7U6eD6RCNLIAnxJqBHl,Poquito,T Garcia,0.343,0.844,0.785,0.454,0.00011,0.0833,99.992,-5.405,0,11,171211.0,4.0
7yq4Qj7cqayVTp3FF9CWbm,Riptide,Vance Joy,0.431,0.484,0.731,0.51,0.0,0.0379,101.654,-6.694,1,1,204280.0,4.0
392fx2nlTxr8VrMUU9ybqi,Píntame,Gabriel Pagan,0.0904,0.799,0.827,0.613,0.00137,0.0731,119.01,-5.456,1,8,219831.0,4.0
4WIaDYUIlXsHi4yMF596aI,About Damn Time - Purple Disco Machine Remix,Lizzo,0.0531,0.8,0.771,0.886,0.0,0.123,118.991,-6.638,0,10,218476.0,4.0
0co2LC603K3yOIbQiFysb2,La Noche Eterna (feat. Massari) - Radio Mix,Pachanga,0.122,0.756,0.834,0.645,2.98e-06,0.107,100.026,-5.469,1,1,217592.0,4.0
6k2cLXLnrAnFFqt3W6sjT8,Cruel to Be Kind,Nick Lowe,0.0586,0.694,0.656,0.803,1.81e-06,0.026,131.679,-10.598,1,0,210131.0,4.0
5KvvHQR3xGNZN7aq0CMjf6,Come Home,Jon Foreman,0.239,0.386,0.424,0.0598,3.94e-05,0.0287,159.928,-8.998,1,7,291833.0,3.0
4lRuRtvftdSSUA7hLP7zAr,I Found,Amber Run,0.879,0.28,0.317,0.236,0.00731,0.0474,186.471,-12.433,0,7,274227.0,3.0
3dVHHCm8MJIhEkjCrl0ziA,Lover Fever,SplashOrays,0.171,0.83,0.904,0.975,0.000209,0.0363,134.977,-6.324,0,11,144960.0,4.0
7BR1mS4HLDx3dWf5AABanT,I Am Overcome,Jared Lutes,0.396,0.613,0.733,0.701,5.79e-06,0.0337,126.988,-8.815,1,2,217500.0,4.0
55Ie2GuTQKp7zEMtLbfhrm,Chu Chu,Kybba,0.168,0.776,0.639,0.716,0.0,0.0781,98.015,-3.614,0,3,142041.0,4.0
5Dy6OZrBn6pT9VbpGx041W,With You,Dan Gautreau,0.0526,0.602,0.655,0.517,0.472,0.0295,110.195,-10.723,0,11,131125.0,4.0
5xaOaV7wmJaJMns01tUj57,Sweatshirt,Ollie Joseph,0.162,0.569,0.615,0.225,0.0,0.0335,90.059,-6.785,0,1,160000.0,4.0
3hqU7Q6QBYavIp8l6ykOdr,Baby's Coming Back,Jellyfish,0.376,0.649,0.668,0.923,0.0,0.0383,140.598,-10.109,1,1,177000.0,4.0
15Xr6xGS9PtJTQFUE1vGCS,Looking Back,HISASHI KANZAKI,0.289,0.606,0.736,0.523,0.751,0.0382,88.258,-11.591,0,4,219694.0,4.0
6DOJgDuUVDaJ98GQxwyLTh,What You Do To Me,Teenage Fanclub,0.00055,0.507,0.595,0.785,0.156,0.0314,115.013,-12.754,1,2,120707.0,4.0
79wbJeLkXOlJh4AzaWCWfL,How Will I Know,Whitney Houston,0.178,0.761,0.739,0.656,3.35e-06,0.0369,118.997,-3.591,1,6,213436.0,4.0
7MUUzpdrSa8UUEpyS1dGUq,Hotel Walls,Smith & Thell,0.0108,0.525,0.687,0.307,1.84e-06,0.0448,141.84,-9.029,1,11,206293.0,4.0
3fGd2z7qu4PwCp9gQJTO07,Night in Tokyo,HISASHI KANZAKI,0.307,0.706,0.503,0.851,0.927,0.0268,110.031,-11.027,0,9,165818.0,4.0
7DN4mucfbtTN7naztYtphr,Gonna Be OK,HISASHI KANZAKI,0.358,0.841,0.352,0.441,0.05,0.0381,79.995,-11.669,1,5,297000.0,4.0
4ToogKQq58R9TvO40qRuxi,I Wanna Know,RL Grime,0.501,0.432,0.85,0.109,6.59e-06,0.0771,82.607,-4.417,1,10,206727.0,4.0
2PZsAka95UhR0uHFcI4xmI,Wind Shear,Pierce Fulton,0.000178,0.576,0.766,0.672,0.154,0.0869,110.01,-5.478,1,0,193014.0,4.0
5GTboKbndutgM0oJOMpzTC,Peru,Tungevaag,0.0169,0.541,0.813,0.541,4.83e-06,0.0746,128.019,-4.887,0,7,147656.0,4.0
6nICbTJ2bwOMv26pFVri8p,Clear Blue Skies,David SweetLow,0.937,0.645,0.338,0.339,0.00846,0.0297,109.97,-11.765,0,5,238364.0,4.0
7CLxRXy3olj2KngFWAEIcg,Reggaeton Ton,Alexis y Fido,0.296,0.859,0.846,0.739,0.0,0.205,92.031,-3.415,0,7,156747.0,4.0
6vBdBCoOhKHiYDDOcorfNo,Goodbyes (Feat. Young Thug),Post Malone,0.447,0.58,0.653,0.175,0.0,0.0745,150.231,-3.818,1,5,174960.0,4.0
214Mx6MSJhtaO1uPtZGqLH,Copacabana,Leon Machère,0.0598,0.735,0.849,0.623,0.0,0.24,97.893,-5.709,1,2,209407.0,4.0
30SjdIdTMhBSe33nFnBFkC,Temple,Kings of Leon,0.00087,0.475,0.644,0.568,0.279,0.0326,149.838,-7.782,1,9,250453.0,4.0
494lPEnwN9hiUFzhwwCB5s,Monument of Me,The Merrymakers,0.362,0.523,0.809,0.674,0.0,0.0353,127.003,-5.621,1,4,208400.0,4.0
6mMwi4Q64cehbe5uVFqwBm,Delight,HISASHI KANZAKI,0.0327,0.544,0.506,0.333,0.0578,0.0288,109.981,-12.748,1,5,283640.0,4.0
1kZklN5swy3NGwOf5NTICP,Feel Alright,Poolside,0.00696,0.604,0.794,0.863,0.117,0.0394,105.992,-5.58,0,4,244459.0,4.0
3CsaFUC6uMvdhGcC0ZZE85,Blue Bossa,Ana Caram,0.853,0.611,0.285,0.524,0.0264,0.0452,80.39,-19.648,0,7,264973.0,4.0
7BR1XvKXg7aKLrM4Qxxt6l,Hearts in Her Eyes,The Searchers,0.0116,0.586,0.869,0.863,0.038,0.0341,128.631,-4.062,1,2,199893.0,4.0
7clUVcSOtkNWa58Gw5RfD4,Speed of Sound,Coldplay,0.00488,0.514,0.898,0.353,0.0345,0.0577,123.067,-6.765,0,11,287907.0,4.0
451lXmfCoq5KvTo83Mk1Co,Picture Book,The Young Fresh Fellows,0.0484,0.621,0.792,0.97,0.0,0.0309,131.08,-11.053,1,0,139160.0,4.0
2OsZ8lG6OkPLw6ePT5yJwc,mine (Ty Sunderland Remix),Kelly Clarkson,0.0955,0.743,0.727,0.47,0.0,0.0507,126.972,-7.417,1,11,241347.0,4.0
36FkLbxEwbmZOesd8xQNVA,Bum Bum Dale Dale,Maite Perroni,0.2,0.626,0.931,0.801,2.91e-06,0.0618,175.963,-2.407,1,0,163636.0,4.0
3mhw5EUN3klKydtJiFD73Q,Beyond the Rainbow,HISASHI KANZAKI,0.655,0.469,0.579,0.855,0.949,0.138,83.916,-10.414,1,8,189882.0,4.0
35EagZTVNBtC39ezz1Qx1f,Moombah Hasta La Tumba,Salvi,0.005,0.831,0.877,0.669,0.0,0.114,99.995,-2.473,1,7,168000.0,4.0
3LhNgmokxBjihD0B0sVJtk,Sin Duda,The Recognize,0.0327,0.794,0.583,0.446,0.0,0.234,102.082,-6.362,1,6,165956.0,4.0
49hCsde15bWg3UBoMgsMxU,Oogum Boogum,Alex Chilton,0.0216,0.775,0.665,0.965,1.54e-06,0.0373,116.662,-10.313,1,10,206840.0,4.0
6VZ7N7Q2C5YEwLh4EhIWf8,All the King's Horses,Karmina,0.462,0.372,0.582,0.0955,0.0118,0.0553,126.166,-7.243,0,7,250000.0,4.0
0F3v8p8ZnEGtZDxNcJ5Klq,Unstoppable - R3HAB Remix,Sia,0.495,0.678,0.744,0.433,2.35e-05,0.234,101.987,-4.058,0,6,162353.0,4.0
2XyNLoEWc4IDt9OVzXZUXl,It’s Only - ODESZA VIP Remix,ODESZA,2.52e-05,0.593,0.882,0.113,0.395,0.0295,119.99,-5.279,1,2,240440.0,4.0
6ixy3s0WIHtTHvxmGftkHp,Pra Que Sambar,Aline Morales,0.918,0.61,0.226,0.367,2.74e-06,0.0305,150.029,-8.671,0,0,185000.0,4.0
4vzNA7kC6ZRkCTjAyLmfze,Light in the Dawn,HISASHI KANZAKI,0.953,0.239,0.281,0.0667,0.973,0.0292,99.84,-13.025,1,0,273600.0,4.0
7jQkiAaa4XYYsPH3rcfcWo,Praise The Lord (Da Shine) (feat. Skepta) - Durdenhauer Edit,Durdenhauer,0.189,0.803,0.889,0.876,0.653,0.0439,147.983,-6.545,1,8,163515.0,4.0
23S1hBplAafmlqOB3nSBeX,Tribes,Neulore,0.779,0.417,0.368,0.216,0.0181,0.0307,129.011,-12.858,1,7,221853.0,4.0
4RyBfEggAguK0InK80Q6zj,Yellow Party,JC Phoenix,0.00207,0.73,0.87,0.727,0.299,0.0451,130.004,-14.287,0,10,147692.0,4.0
7s4TrAak0HuPknwQQ8OeM8,Peligrosa (feat. Damaged Goods),Kronic & Krunk,0.0621,0.779,0.86,0.624,0.0,0.114,103.946,-3.232,1,1,157993.0,4.0
2635EEV2Oi6wg6GV2TPYVx,Tu Eres Un Bom Bom - Remix,Kafu Banton,0.00985,0.882,0.706,0.529,0.000131,0.177,97.011,-5.015,1,1,173453.0,4.0
2QZRCjSZaUeNflXZPPQfNR,Simple Desire,All Mankind,0.03,0.567,0.607,0.344,0.721,0.031,116.345,-8.435,1,7,229267.0,4.0
7iXLa8DhoOyxB6UQ1iEt5h,MIND YOUR BUSINESS - David Guetta Remix,will.i.am,0.0172,0.822,0.886,0.675,0.111,0.085,129.977,-4.587,0,1,118323.0,4.0
53y02rkTgMKgaJihn2Y2jE,When I'm Gone (with Katy Perry) [VIP Mix],Alesso,0.0165,0.622,0.954,0.457,0.000136,0.0524,125.081,-2.829,0,9,171840.0,4.0
4cVUwET6QBkiWUdGVNSYPt,feelslikeimfallinginlove - Zerb x Coldplay,Coldplay,0.0242,0.591,0.693,0.0981,0.0089,0.037,124.047,-8.653,1,7,236613.0,4.0
3wEj6njz1GJnor5QNNIo5k,(What's so Funny 'Bout) Peace Love and Understanding,Brinsley Schwarz,0.000822,0.435,0.803,0.656,0.0,0.0379,131.354,-10.564,1,2,212360.0,4.0
6R5licKQW6P3UD64RWtKxb,"yes, and? - Felix Jaehn Remix",Ariana Grande,0.00122,0.622,0.906,0.65,0.376,0.0433,127.999,-5.703,0,10,235390.0,4.0
5KjMYxywB6LVcLuT1sgTHq,The Sparkle of That Summer,HISASHI KANZAKI,0.685,0.546,0.58,0.3,0.0109,0.0335,125.941,-8.493,1,1,232000.0,4.0
2IlbSdCg6QAVo5BpqpvJzx,I Swear,Zee Krayski,0.00997,0.599,0.823,0.538,0.0,0.0919,121.993,-6.686,1,9,204595.0,4.0
3464TDEmFoCQhDoB6pmQxb,Setting Sun,"This, the Silent War",0.0179,0.53,0.593,0.166,0.00167,0.029,150.027,-5.949,0,4,185626.0,4.0
7DM4BPaS7uofFul3ywMe46,Vente Pa' Ca (feat. Maluma),Ricky Martin,0.00431,0.663,0.92,0.533,1.69e-05,0.226,99.935,-4.07,0,11,259196.0,4.0
2mwCXoukBIeGtkPhTgBY9p,Sights,London Grammar,0.805,0.317,0.239,0.367,0.0,0.032,65.688,-9.42,0,3,253000.0,3.0
55Wm5heoKTtj6GFjEKeId5,Attendant,Kooda Dyed,0.00011,0.811,0.613,0.695,0.896,0.0699,119.991,-7.101,0,10,258167.0,4.0
2byCVqyzzpEdlAIDEVCZhd,Silence,Lone Tusker,0.0579,0.609,0.765,0.232,0.00126,0.0479,119.981,-6.369,0,1,182000.0,4.0
7vgTNTaEz3CsBZ1N4YQalM,Ghost Town,Kanye West,0.0969,0.573,0.545,0.297,0.0,0.0288,83.378,-4.247,0,7,271387.0,4.0
6oBuhfQSG0SSkcOPlEOavK,Can't Tame Her - VIZE Remix,Zara Larsson,0.0116,0.64,0.633,0.0779,0.00655,0.0802,135.012,-6.083,0,6,173333.0,4.0
1DlczmjByrS4qxRVfGjpqN,My Universe - Galantis Remix,Coldplay,0.0949,0.596,0.915,0.629,1.7e-06,0.0682,120.024,-4.711,1,4,224908.0,4.0
1zU0kAJdEPyRs4x5gkQQER,Up The Junction,Squeeze,0.359,0.498,0.536,0.886,0.000106,0.0533,120.704,-12.974,1,9,191320.0,4.0
7Mfk7bKdX1tG1u2HQaBo6u,Calor - Dis-moi...,Kamaleon,0.0529,0.712,0.82,0.738,1.11e-06,0.048,99.937,-4.041,0,0,187800.0,4.0
6ve6SoRuWVZ9kBP1frZTW1,In the Dark (Oliver Heldens Remix),Purple Disco Machine,0.00917,0.729,0.881,0.236,0.0622,0.112,123.968,-5.292,0,6,267707.0,4.0
4uJS0HQJQXX9j8CXI6aVCN,Row,Tuva Finserås,0.539,0.551,0.571,0.24,0.0286,0.0254,110.052,-8.615,0,7,207384.0,4.0
06LuhiRdro6vMQnaUuPO3N,Pretty Lady - Radio Version,DJ Valdi,0.131,0.791,0.843,0.533,7.49e-06,0.0614,126.044,-5.305,0,7,214005.0,4.0
6CZOBwDRguqZBanHIk4sIS,MOONLIGHT SUNRISE - Jonas Blue Remix,TWICE,0.00474,0.778,0.798,0.13,4.56e-05,0.0432,125.024,-5.955,1,1,167040.0,4.0
21jGcNKet2qwijlDFuPiPb,Circles,Post Malone,0.189,0.695,0.763,0.551,0.00242,0.0396,120.042,-3.497,1,0,215280.0,4.0
2WDuTEPlDuM1fHs6ZVyhZJ,T'd Up,Ollie Joseph,0.0108,0.748,0.605,0.351,0.0,0.0439,93.028,-6.499,1,1,167984.0,4.0
5OPGnmMdLnFTD3oM6UT7kT,Big Star,Kauz of Affliction,0.00887,0.604,0.927,0.809,0.0001,0.0484,102.45,-4.01,0,1,171200.0,4.0
579cIDb3DYSkR0AULxrAvW,Legendary,Welshly Arms,0.0404,0.53,0.609,0.436,2.09e-06,0.0378,141.855,-6.407,0,11,230699.0,4.0
40PwBNuKNNLxufueLDo1qk,Winter Bird,AURORA,0.011,0.301,0.492,0.138,0.0454,0.0483,142.677,-8.307,0,5,244147.0,4.0
4Vdbb7QK3czCJVdfxOBbCZ,Silhouette,Goldroom,0.0827,0.715,0.641,0.222,0.125,0.0391,115.014,-7.008,1,0,268040.0,4.0
6lsV58zQmy70fHk2YeZpFx,Arquitectura,Mandinga,0.424,0.708,0.85,0.643,0.0,0.0733,94.015,-4.299,0,0,199305.0,4.0
1Ql3uzrgIxd6d9fTKpVThW,Ruleta,INNA,0.741,0.734,0.675,0.817,3.93e-05,0.249,102.153,-5.611,0,5,198268.0,4.0
2JIdNC2DdY6flBipU1uEyo,A Fluty Song for You,HISASHI KANZAKI,0.904,0.479,0.391,0.308,0.915,0.0364,109.308,-13.262,1,0,366547.0,3.0
5uEYRdEIh9Bo4fpjDd4Na9,Goosebumps - Remix,Travis Scott,0.418,0.841,0.593,0.808,0.0,0.0379,124.917,-7.846,1,1,162803.0,4.0
3LxG9HkMMFP0MZuiw3O2rF,Good Things Fall Apart (with Jon Bellion),ILLENIUM,0.012,0.643,0.603,0.42,0.0,0.0311,144.01,-5.416,1,2,216668.0,4.0
3k8yUGIacUqqpyuJJkBQKO,Latina Loca,Alex Mica,0.116,0.71,0.782,0.417,9.56e-06,0.0335,97.993,-4.671,0,11,215529.0,4.0
2aqrKhHv1gS8RsIzxcmxKO,Alpha Romeo,Ollie Joseph,0.203,0.76,0.681,0.578,0.0,0.166,80.974,-6.477,1,6,157037.0,4.0
5pSSCTDlxS86dH1skgsmNg,Bones,MS MR,0.152,0.661,0.72,0.366,0.000272,0.0515,114.92,-7.37,1,1,253147.0,4.0
3dr1znFJHlZAALrxzcDCvo,You Won't Go It Alone,Andrew Galucki,0.049,0.571,0.647,0.288,0.0,0.0278,118.035,-4.275,1,10,250676.0,4.0
33gtzlU5BxqjJYWn3OfDt9,Cynical Girl - Remastered,Marshall Crenshaw,0.521,0.639,0.87,0.961,0.0124,0.0292,122.483,-3.94,1,9,154467.0,4.0
0NBWawKZ4EF62158i6BpwC,Canadian Tux,Ollie Joseph,0.0467,0.698,0.753,0.52,0.0,0.101,94.925,-5.527,1,8,161700.0,4.0
7DIf1GG2V04EVfPg2iq28Y,Erica's Word,Game Theory,0.00104,0.547,0.809,0.888,0.0159,0.0383,142.833,-7.676,1,8,234147.0,4.0
4JTVx1ThyT4YiGqbpIw34U,El Umbral,Lester Crab,0.00201,0.434,0.629,0.705,8.32e-05,0.0293,169.903,-10.136,1,4,297993.0,4.0
2MmmaZ40I96k0dhKDFbWGK,Weekend Bender,Ollie Joseph,0.632,0.774,0.523,0.546,1.58e-06,0.0312,100.01,-6.785,1,11,193400.0,4.0
0VjIjW4GlUZAMYd2vXMi3b,Blinding Lights,The Weeknd,0.00143,0.513,0.73,0.334,9.54e-05,0.0598,171.001,-5.94,1,1,200040.0,4.0
2cuVIu6c6BHJiUcOXoEivN,Gimme Love - Armin van Buuren Remix – Radio Edit,Sia,0.0151,0.586,0.928,0.426,0.0377,0.0396,124.97,-4.161,1,11,207766.0,4.0
22t8PQeP5klRoguomM4wZp,Anti-Hero - Jayda G Remix,Taylor Swift,0.0581,0.788,0.767,0.744,5.16e-05,0.062,120.023,-6.681,0,1,215697.0,4.0
6GZEEoTST2iZcU52LfVDHZ,Running for Cover,Ivan & Alyosha,0.00691,0.295,0.717,0.228,1.05e-06,0.0386,116.95,-7.537,1,1,236280.0,4.0
347mu5DVqh9NUMlUeHMp4H,Can't Get You on My Mind,Adam Schmitt,0.00356,0.598,0.747,0.874,0.0488,0.0358,127.575,-9.019,1,7,207933.0,4.0
63OC8cNa4ZnFB3bbvbWCOc,Black Mambo,Glass Animals,0.294,0.675,0.409,0.308,0.000596,0.0423,79.954,-10.707,0,0,248920.0,4.0
0zEKfIm5b8EUcDM3qoPXKX,Lose My Mind (feat. Mr Gabriel),Jai Wolf,0.00843,0.607,0.775,0.506,0.492,0.0399,140.019,-6.038,1,3,258547.0,4.0
2I0jljt4HrZV4eWNiaGSF7,My Awakening Harmony,Silfredim,0.968,0.258,0.0887,0.235,0.635,0.0333,146.618,-18.443,1,0,184000.0,4.0
53cDmOYIJMIrVVxKF35B51,Come A Hellin',Bygone Dave,0.686,0.59,0.405,0.32,0.295,0.0319,90.027,-10.519,0,11,143923.0,1.0
6ODT06wYkldGmTwoadfaPQ,Goner,Ollie Joseph,0.0929,0.571,0.493,0.479,0.0,0.0329,93.847,-7.384,1,10,113451.0,4.0
78O8CIzX5ZMuJh39fQOR3i,Incomplete,James Bay,0.664,0.524,0.401,0.225,0.0,0.0369,144.849,-9.159,1,2,224267.0,4.0
0Afai8u1STCaDyTTm1gEZf,Shake Some Action,Flamin' Groovies,0.0254,0.495,0.632,0.376,0.0332,0.0404,137.105,-12.941,1,8,273307.0,4.0
3xO8816lXrJu19kfd7peqk,Just a Smile,Pilot,0.0251,0.442,0.699,0.531,0.0,0.0321,127.826,-7.186,1,2,197213.0,4.0
2h5CXy8Pme1lTY3CUAEI1i,Holding On,The War On Drugs,0.000611,0.444,0.939,0.686,0.00986,0.0403,150.084,-5.027,1,6,350893.0,4.0
1JedlGqkzYvVUITKsvhbPh,Seven (David Guetta Remix),Jung Kook,0.0715,0.645,0.952,0.821,0.0,0.161,124.95,-2.486,1,11,157440.0,4.0
4svR4Q8Evg7uE04L0lsDDt,精一杯の恋,HISASHI KANZAKI,0.643,0.938,0.374,0.591,3.17e-06,0.0586,110.007,-6.53,1,1,194000.0,4.0
1HaI4iTFkGQbyEnys6k5kn,Freaky Deaky - R3HAB Remix,Tyga,0.00433,0.722,0.939,0.43,0.0795,0.0883,126.014,-5.131,1,2,140060.0,4.0
2ORzKJkVjifOjVAXfTC4Ir,What It Is,Saxena,0.26,0.733,0.758,0.196,0.0,0.0581,96.003,-5.514,0,1,151875.0,4.0
3FQDpLiI0fGLUH8NBRxWhj,Love has died,Black Cobra of Death,5.13e-05,0.542,0.684,0.159,2.21e-06,0.028,99.999,-6.289,1,2,223200.0,3.0
6aFXimZOxnkqIEshd7d4JE,Summer In New York - Öwnboss & Fancy Inc Remix,Sofi Tukker,0.0118,0.711,0.906,0.559,0.00505,0.0446,125.027,-5.803,1,1,158400.0,4.0
2DQ1ITjI0YoLFzuADN1ZBW,No Limit,G-Eazy,0.0117,0.838,0.771,0.405,0.0,0.244,175.957,-3.791,1,1,245387.0,4.0
6hHJ5Q63J4cLZ0y4QxebCl,Fool of Love,HISASHI KANZAKI,0.722,0.842,0.287,0.349,0.311,0.0434,95.031,-10.116,1,0,160000.0,4.0
5JwRzcj7Dc4p8WMCiCiGdQ,Gotta Move,The Technician aka Theo Starr,0.184,0.661,0.617,0.734,0.281,0.0774,150.024,-14.013,1,0,304222.0,4.0
2CdX94oYFKBm2wRc3Qvlxs,Trap,Jimmy Dub,0.0741,0.814,0.827,0.68,0.0104,0.174,94.992,-4.257,1,2,206526.0,4.0
3rJvr6YpIZTsx32nSDJ26Q,2 Be Loved (Am I Ready) [PNAU Remix],Lizzo,0.0339,0.775,0.957,0.701,3.05e-06,0.145,133.004,-3.606,0,4,222800.0,4.0
0boS4e6uXwp3zAvz1mLxZS,Run Boy Run,Woodkid,0.084,0.506,0.959,0.34,0.000655,0.102,133.996,-5.264,0,5,213267.0,4.0
1oduwpTpgYBVL6XbCM7qIR,It Hasn't Hit Me Yet,Matlen Starsley Band,0.12,0.48,0.806,0.554,0.000308,0.0451,109.712,-4.463,0,6,211401.0,4.0
3xsOPpxHgMi5UZPVrvDwBz,Body Good,Shaggy,0.161,0.777,0.804,0.301,6.05e-05,0.0695,100.017,-5.064,0,6,204933.0,4.0
5m8jnhHiYHkuoMtO4BpmIy,Andromeda,Filosophy,1.52e-05,0.298,0.984,0.135,0.887,0.168,92.675,-3.268,0,11,281731.0,4.0
55HTvsSEYfZzFulc6uok3k,Close Your Eyes,Ollie Joseph,0.276,0.768,0.505,0.359,0.0,0.0449,91.996,-5.588,1,4,140870.0,4.0
0zjr8DtPIz4FzaT9dzOZat,Love Songs,The Greenberry Woods,0.0122,0.331,0.804,0.68,8.78e-06,0.0468,162.037,-6.292,1,2,102507.0,4.0
6KfoDhO4XUWSbnyKjNp9c4,Maniac,Conan Gray,0.00162,0.628,0.639,0.493,0.0,0.0435,108.045,-5.46,1,8,185773.0,4.0
2NyaZECpJZCAqFJFCWPDRz,Girl Of My Dreams,Bram Tchaikovsky,0.638,0.344,0.745,0.448,0.00224,0.0546,139.689,-7.902,1,2,248907.0,4.0
4gHvRDDjKO17gfk7VhuSPj,Agua De Coco (feat. Randy Class),Costi,0.246,0.713,0.76,0.792,0.000235,0.131,179.996,-5.28,1,5,202667.0,4.0
6T0dHDN1lPn5jamdHlWypt,Kim & Jessie,M83,0.000114,0.492,0.567,0.245,0.536,0.0327,111.01,-6.159,1,5,323373.0,4.0
6NQ9hBc6yra6j9fMbnMTS7,Dream All Day,The Posies,0.0003,0.479,0.945,0.49,0.0,0.0777,125.961,-5.807,0,11,184427.0,4.0
076EAKHF4ILDNPOgY1AnrW,Build a Fire,Young Ejecta,0.000289,0.683,0.852,0.694,0.517,0.0328,105.022,-6.748,1,0,228233.0,4.0
4l94386YhnCzduk44xzFRx,Back To You,Twin Forks,0.00594,0.547,0.848,0.393,0.0,0.068,128.987,-5.622,1,2,170960.0,4.0
3elOzp9X3B8vMGhJBWzbIF,Wasting My Young Years,London Grammar,0.857,0.543,0.311,0.134,0.000684,0.0361,126.86,-10.018,0,5,204213.0,4.0
1ixbwbeBi5ufN4noUKmW5a,Paper Planes,M.I.A.,0.033,0.447,0.848,0.485,7.46e-05,0.222,172.253,-6.175,1,2,205200.0,4.0
3sZfQB5uYTJmA4QnB8dv7P,White Blood,Oh Wonder,0.845,0.477,0.229,0.0819,0.000446,0.0555,131.28,-14.402,1,0,257427.0,4.0
13AvBkyFz0QgNV54M8rSM3,Fake It Til You Make It,DREAMERS,0.0341,0.634,0.861,0.708,6.67e-06,0.0387,139.988,-3.874,0,9,204453.0,4.0
5HqQlO9WaXyyTgDg5X57uT,In Janeiro,R.I.O.,0.339,0.816,0.882,0.862,0.000842,0.0454,120.005,-4.544,0,10,187178.0,4.0
58ge6dfP91o9oXMzq3XkIS,505,Arctic Monkeys,0.00237,0.52,0.852,0.234,5.79e-05,0.0543,140.267,-5.866,1,0,253587.0,4.0
6NdcSEhpGGAYXNnnhGS2s6,What I Like About You,The Romantics,0.319,0.542,0.915,0.92,5.34e-05,0.0549,159.81,-9.637,1,9,175400.0,4.0
2aIb2k4bnADk1zAKz7SIHx,Loose Ends,Forwardman,0.0519,0.54,0.543,0.201,0.0226,0.0321,121.997,-8.653,1,5,574853.0,4.0
56qoy2jHvVhU9BVQn218dQ,Vumbora Amar,Alexandre Leão,0.779,0.923,0.495,0.966,0.035,0.0451,114.965,-12.405,0,2,211253.0,4.0
1v9hJ9Cj5gR6GLPIemxOj5,Una Noche Más,R.K.M & Ken-Y,0.273,0.874,0.727,0.755,0.0,0.128,90.003,-5.388,1,6,184013.0,4.0
3ryiASpBYmUTRqWZFv3Pu7,Gradient,The VYB Project,0.166,0.556,0.823,0.556,0.000259,0.0675,90.038,-6.856,0,11,192683.0,4.0
3kVNzaukrW537D2zSVanGg,Tu Pum Pum,KAROL G,0.114,0.755,0.829,0.734,6.66e-06,0.116,89.6,-4.972,0,4,221120.0,4.0
4HVmBmqmbi3IsSkJYI5Bia,Don't Let Me Go,Bandit Heart,0.225,0.524,0.367,0.188,0.000429,0.0346,143.976,-9.512,1,4,248125.0,3.0
0gdmDP6xy3ZV7JNoHWAN9k,Town Called Malice,The Jam,0.00228,0.542,0.91,0.775,0.00524,0.0873,101.774,-8.924,1,7,173320.0,4.0
2wEsyTDfeo7dpQ0T2d6xjW,Bahia Com H,Putumayo,0.672,0.696,0.331,0.216,0.0,0.0516,147.874,-10.615,1,4,264730.0,4.0
00Ci0EXS4fNPnkTbS6wkOh,Electric Love - Oliver Remix,BØRNS,0.000965,0.53,0.77,0.107,0.0115,0.0824,184.537,-5.882,1,9,253880.0,3.0
3GS8qG28p2RF6M7S5rFdx5,Howl,Florence + The Machine,0.00363,0.578,0.851,0.293,0.00116,0.061,129.998,-4.468,1,0,213560.0,4.0
6xU0ojuUR3dAhbnrJPQr1I,Gooey,Glass Animals,0.736,0.487,0.369,0.106,3.75e-05,0.0406,183.114,-13.424,0,11,289307.0,4.0
5wU6jk9kxYzFGUpeE6T2Q5,Crystals,Of Monsters and Men,0.00202,0.581,0.747,0.325,0.000449,0.0303,132.195,-7.207,1,0,243520.0,4.0
4YN94yxYWFfhk9YbmOIqR4,Sucked Out,Superdrag,0.0366,0.403,0.767,0.743,0.0,0.0431,125.469,-6.743,1,4,166800.0,4.0
54WqMLMlFkC20N0rfzZpqo,Trail Blazer,Ollie Joseph,0.182,0.618,0.663,0.378,0.0,0.0576,89.925,-6.364,1,1,153333.0,4.0
7DwVS1naLT9jP0PE78jg4P,AM:PM,NOTD,0.0403,0.808,0.62,0.826,1.2e-06,0.107,122.007,-4.86,1,4,182951.0,4.0
2rTox1XR7rQhphnqVSgR4E,Tokyo Rhapsody,HISASHI KANZAKI,0.215,0.851,0.464,0.954,0.823,0.0547,120.013,-14.345,1,0,182000.0,4.0
3n3Oags848AKzbYH6qz5qX,Run It (feat. Annika Wells),Midnight Kids,0.36,0.518,0.754,0.221,0.0,0.0472,92.953,-4.365,1,8,219373.0,4.0
6h0lrpGtRIwbBiPHthDB3o,Dyslexic Heart,Paul Westerberg,0.0391,0.637,0.902,0.843,3.36e-06,0.0292,136.572,-5.064,1,0,271200.0,4.0
5NnQpVPJKpFdGFkIdY1Gds,My Own Soul’s Warning,The Killers,0.00133,0.355,0.963,0.0923,0.00252,0.132,152.05,-3.482,1,7,274453.0,4.0
7kkZSHvtmngxqb0yOE9N7Y,Ponlo Pa Tras,Oana,0.0729,0.774,0.57,0.444,0.0,0.248,129.986,-5.69,0,10,190154.0,4.0
7lRsNbdOGykkMAgsqs4R1C,Báilame,Nacho,0.163,0.817,0.869,0.561,0.00226,0.18,96.029,-4.791,1,6,207200.0,4.0
4H0Scy44MR3N43McpzUtjk,My Honest Face,Inhaler,0.000498,0.414,0.949,0.46,0.000317,0.0767,159.999,-6.038,1,5,274053.0,4.0
5jtsoDkXoYALcGr0oeOMhF,Wicked Game,Lone Tusker,0.0373,0.642,0.868,0.24,0.0658,0.0406,123.968,-5.762,1,8,162591.0,4.0
7knyqdWVoOB43P2ZENazkN,Anytime in the Blues,HISASHI KANZAKI,0.719,0.551,0.281,0.151,0.9,0.0316,100.04,-13.706,1,0,292973.0,4.0
1f8Xo26zX9XlIYi85qjAst,La speranza,Skyline Overdrive,0.00441,0.471,0.939,0.46,0.00974,0.375,155.072,-5.971,0,4,201501.0,4.0
3tWeAH4IYIrxV2jrUk9Ab3,Esa Boquita,J Alvarez,0.397,0.724,0.751,0.949,0.0,0.09,180.021,-3.473,0,11,208280.0,4.0
634zF9K8obrdbKddcf5eK8,Heartland,Ollie Joseph,0.204,0.574,0.697,0.333,0.0,0.0518,153.483,-5.753,0,2,195312.0,4.0
6RZo8T7GY9EoWZXC5i2587,go - goddard. Remix,Cat Burns,0.222,0.728,0.689,0.0473,6.14e-05,0.13,89.973,-6.601,0,6,192514.0,4.0
374ZV6kDNZnlowb5zePXSN,New Year's Eve,Eva Alfhild Jonsson,0.969,0.478,0.0709,0.0628,0.000108,0.0431,124.042,-14.873,1,0,169365.0,3.0
7fwUb4zqdjakeeyuYEhkI8,In The Street,Big Star,0.00391,0.48,0.721,0.59,0.0457,0.0391,124.901,-9.23,1,0,174733.0,4.0
5leoJGOuSHB7DFKqDZKBUn,Mojados,Willie Gomez,0.0285,0.599,0.842,0.669,5.09e-06,0.135,183.92,-3.709,0,4,195867.0,4.0
1UGl40WUxKuxlGl1KKVbLH,Eu e o Meu Amor/Lamento No Morro,Quarteto Jobim-Morelenbaum,0.192,0.572,0.461,0.911,0.00192,0.0467,95.956,-9.034,1,7,247176.0,4.0
1eyzqe2QqGZUmfcPZtrIyt,Midnight City,M83,0.0161,0.526,0.712,0.32,0.0,0.0356,105.009,-6.525,0,11,241440.0,4.0
5IpBSdURmzZlN0cVwlX95n,Clap Your Hands (feat. Ava Max),Le Youth,0.00507,0.788,0.824,0.7,0.00752,0.0761,111.988,-4.85,0,11,201579.0,4.0
0pfTlQJBOV4LUmF8qqrVy5,Deadly Valentine,Charlotte Gainsbourg,0.0297,0.461,0.545,0.408,0.0471,0.046,104.97,-8.166,1,11,364987.0,4.0
0d5ooxvbbES39HI3EyDEtO,Utah,Ollie Joseph,0.0484,0.777,0.718,0.833,0.0,0.249,160.016,-8.289,1,8,171000.0,4.0
66lZ4wMJvjBJlRcedzmKlh,Dale (Buskilaz Remix),Kybba,0.0439,0.877,0.689,0.456,0.000555,0.153,104.978,-6.843,1,1,193907.0,4.0
1udwFobQ1JoOdWPQrp2b6u,Surround Sound (feat. 21 Savage & Baby Tate),JID,0.164,0.574,0.567,0.526,0.0,0.465,75.965,-7.126,0,7,229938.0,4.0
4hrtWYcZbCddeMaQvQrPaf,Awella,Theo Rose,0.0391,0.723,0.795,0.367,1.06e-05,0.0774,96.005,-3.659,1,6,188000.0,4.0
5cXqVF8n5mtOqbhlKNXrp1,Pure Intentions,Ollie Joseph,0.2,0.776,0.66,0.761,0.0,0.129,145.033,-7.262,1,8,152367.0,4.0
749vrQNWRvUcbO54Pc4wJZ,I Wanna Dance With Somebody,The Ironix,0.00118,0.709,0.877,0.449,0.0,0.0591,107.992,-5.612,0,6,211122.0,4.0
5lXY6PTuWXOludKy4zDQwM,On My Mind,Diplo,0.00165,0.771,0.731,0.635,0.633,0.0409,123.026,-6.574,1,7,189268.0,4.0
3KOPorZiKeW6gFeIViqMoq,I Got You,Split Enz,0.0405,0.675,0.494,0.829,6.99e-05,0.0373,125.736,-11.794,1,2,209467.0,4.0
209NrUkAmLCInLYYUbeUgV,Desafinado,Rosa Passos,0.932,0.558,0.181,0.646,0.29,0.0661,72.242,-20.242,1,7,287000.0,4.0
1tW0KVsEb31lq4cuLaykaS,Sons and Daughters,Allman Brown,0.767,0.523,0.468,0.202,2.27e-06,0.0905,148.036,-9.477,0,5,216052.0,4.0
6jiZerEyGQUPZw7RLF1Vv2,Dancing Walk,HISASHI KANZAKI,0.401,0.84,0.297,0.571,0.58,0.0377,109.982,-14.489,1,0,268364.0,4.0
1BOwyzw4SLBCqyiVdMCguW,Who Will Carry You?,Adam Jones,0.962,0.519,0.371,0.181,0.00584,0.0282,127.038,-9.995,1,7,242622.0,4.0
3qr3dvIJt9vv84mTq2XaX9,Te quiero - Radio Edit,Willy William,0.0804,0.784,0.893,0.906,1.81e-05,0.0374,126.973,-4.105,0,3,201212.0,4.0
04Z99wqLGoLCch1ajstqfV,Nevada,Ollie Joseph,0.0657,0.73,0.519,0.255,0.0,0.105,159.901,-5.447,1,8,184875.0,4.0
3ktJX5l174jfqV5ji8z0Dd,Lament,HISASHI KANZAKI,0.894,0.4,0.421,0.087,0.847,0.0307,100.107,-13.503,0,2,391200.0,4.0
7cKQE2K6ggLByzlIMtCxzu,Bottled up Tight,Luke Sital-Singh,0.0499,0.556,0.537,0.521,9.06e-06,0.0293,89.404,-7.74,1,2,200253.0,4.0
3sjALKAP4aNN4ZPQAVdPBR,Darling,Stories,0.0252,0.378,0.821,0.786,0.000156,0.0457,153.684,-6.545,1,8,162693.0,4.0
3HcvTRcX6OBvcRYcRIlt2x,Mi Amor,Souf,0.11,0.769,0.779,0.719,5.27e-06,0.0621,105.021,-4.647,0,7,246587.0,4.0
32yiDCLJUdqYoaDR46z9gD,Stella,Cereus Bright,0.0485,0.602,0.744,0.645,1.43e-06,0.0319,116.905,-6.352,1,2,172867.0,4.0
6fGJqYBmGusrZPOlWI2YBF,Sleep On My Mind,HunterFoxzAC,0.0036,0.622,0.969,0.222,0.593,0.0837,129.993,-8.578,1,0,133460.0,4.0
1zgV7obuDgU0DEaNCmPw8u,Sunshine - MOTi Remix,OneRepublic,0.0764,0.727,0.77,0.542,5.38e-06,0.0419,125.99,-5.915,1,5,188825.0,4.0
6Q9ls4l10fcTNeHdEq3kB1,No Diggity,Lone Tusker,0.00833,0.671,0.691,0.33,8.4e-05,0.0799,110.045,-7.229,0,6,162562.0,4.0
2jWnN6RssMAfRQ3GXVZ1e9,Dame,Jimmy Dub,0.0615,0.669,0.853,0.933,2.24e-05,0.0499,96.005,-5.992,0,10,174922.0,4.0
5ug7BcjqIxtaIUQ5LJVYrg,Bel Mercy (El Jefe),Jengi,0.0515,0.95,0.701,0.761,1.39e-05,0.0752,127.025,-8.3,1,1,170079.0,4.0
1zfNwgFjzemC4lrilWTZLk,Fly Away,Adam Yokum,0.172,0.698,0.602,0.318,0.0,0.0597,75.52,-9.154,1,9,174834.0,4.0
3K2zztHDKnzT0HA7vsPitS,Well Spent,Ollie Joseph,0.229,0.851,0.711,0.546,0.0,0.0387,95.056,-6.847,1,7,146210.0,4.0
6QYd5YTCVrcNsISLUkk3oR,10:35 (feat. Tate McRae) - Tiësto’s New Year’s Eve VIP Remix,Tiësto,0.0437,0.747,0.786,0.719,0.00104,0.0363,125.008,-5.875,1,1,174720.0,4.0
5ZU8mWLqPz8KqBe6bXqrPe,Made You Look - Joel Corry Remix,Meghan Trainor,0.00336,0.928,0.788,0.46,0.0527,0.0738,129.008,-4.93,0,11,183529.0,4.0
4WZ5sXmCUCwyRQByXzGLzz,恋が消えない,HISASHI KANZAKI,0.357,0.714,0.402,0.472,0.0,0.0488,173.92,-7.417,1,2,202000.0,4.0
6mwm6RcmVbCGfswTfyVGzi,Te Lo Juro,Pamy,0.313,0.876,0.611,0.489,0.00218,0.201,95.019,-5.82,0,1,151884.0,4.0
4A4WIemdGndnwoaOY3zRAj,Nina Sincera,Mandinga,0.246,0.747,0.802,0.538,0.0,0.0674,93.984,-3.844,0,2,174475.0,4.0
0rRMe1LBFoq5TjmT1Jye2D,Hasta Abajo,Yandel,0.0284,0.698,0.919,0.945,0.0,0.099,127.03,-4.188,0,11,205547.0,4.0
5Jdq37BXjjEvdBRRR1eFSV,Desire (with Sam Smith) - Don Diablo Remix,Calvin Harris,0.138,0.696,0.924,0.328,0.0353,0.0412,128.009,-3.517,0,11,197813.0,4.0
2dSKFFNoNXKo3hPnlwUdPe,They Don't Love It,Jack Harlow,0.0388,0.536,0.814,0.851,0.0,0.306,96.7,-5.407,1,1,113292.0,4.0
51Z2oUPpcjLsmaD7HpmEcB,NINI,6ix9ine,0.112,0.872,0.648,0.729,0.0,0.338,98.019,-5.008,0,6,137755.0,4.0
2JNmPKPJw6tkWMugkVKkvn,Never Needed Much,Ollie Joseph,0.063,0.651,0.586,0.198,0.0,0.132,153.904,-7.614,1,7,134805.0,4.0
4T5Rcn6qefZOUMgDb8AkEt,Behind The Wall Of Sleep,The Smithereens,0.00749,0.42,0.846,0.542,0.000101,0.0482,137.599,-11.774,0,10,203964.0,4.0
5FddI3pEApza2kSmc4HgUY,Yellow Pills,20/20,0.000236,0.458,0.541,0.577,0.00183,0.0485,133.573,-12.131,1,2,257733.0,4.0
7wknfJIi6OkDZPt0iE5rhh,Nasty - Match My Chic Remix,Tinashe,0.000696,0.791,0.641,0.226,1.28e-06,0.046,105.977,-9.382,0,10,182643.0,4.0
1SJinTALbawyN1arsarFC2,Meu Bem,Putumayo,0.794,0.747,0.381,0.629,0.00475,0.0849,149.89,-11.941,0,6,202500.0,4.0
4QkI53EahWa4AxlflHdHuQ,Harvest Moon,Erwin de Ruiter,0.186,0.566,0.739,0.743,0.000117,0.0273,128.961,-8.165,1,8,200856.0,4.0
04R4oiYD4NU6ZkdwlaJSep,Bad Memories - Felix Jaehn Remix,MEDUZA,0.031,0.667,0.815,0.394,0.0361,0.19,138.057,-7.401,1,1,149565.0,4.0
3DZK5RJDika23eg6USz39X,Black and White - Don Dixon Mix,The dB's,0.0607,0.305,0.866,0.874,0.0264,0.0381,173.639,-9.586,1,4,176613.0,4.0
45Zsr3b7GMhzUjSpKCkR7B,Quando Falas Coração,Mauricio Pessoa,0.875,0.682,0.383,0.372,0.0643,0.0371,135.947,-13.528,1,0,273680.0,4.0
1OJwRxDAtbNs2tEGjHcvPd,Busch Light,Ollie Joseph,0.0688,0.685,0.572,0.628,0.0,0.0792,159.928,-5.625,1,1,159117.0,4.0
4QJxhSj6PMNidspk359hoR,Bloodline,James and the Wild Spirit,0.0127,0.46,0.521,0.115,2.48e-06,0.0284,77.974,-7.438,0,5,252652.0,4.0
6L2vlb9GtDBexWE8JskHmH,Caliente,Mario Fresh,0.0291,0.633,0.848,0.645,0.0,0.218,192.014,-5.271,0,6,171562.0,4.0
4HtHDYcpvZEFWwvr72kJYe,do ur thing,Ollie Joseph,0.11,0.804,0.534,0.647,0.0,0.0625,81.045,-4.461,1,4,216296.0,4.0
31rT5yxCL2AGB1uWXRota9,You and I,HISASHI KANZAKI,0.209,0.722,0.429,0.527,0.926,0.0321,109.997,-14.419,0,9,181091.0,4.0
0IvgwrCjioP7AdGgcddPKK,I Followed Fires,Matthew And The Atlas,0.551,0.513,0.591,0.534,5.41e-05,0.039,127.292,-9.014,0,3,229893.0,4.0
5qjych2Ckn8Y1AMfsdgSUg,I Wanna Dance with Somebody (Who Loves Me) - David Solomon Remix,Whitney Houston,0.0146,0.599,0.794,0.234,0.000679,0.0433,124.936,-4.62,1,6,201712.0,4.0
2GiJYvgVaD2HtM8GqD9EgQ,Electric Love,BØRNS,0.00543,0.611,0.797,0.518,0.00137,0.0533,120.041,-7.627,0,6,218107.0,4.0
5Y45rOePgickckrR8lGKUR,Blame,Nik Ammar,0.0027,0.578,0.729,0.262,0.00027,0.0372,140.046,-9.009,0,1,215872.0,4.0
0iueV3B9MVihBSKkXybWwG,I Wanna Be Your Boyfriend,The Rubinoos,0.0367,0.509,0.802,0.798,3.24e-05,0.0511,151.467,-8.57,1,9,199213.0,4.0
1tIZx4XgDTen57ziEUJkrG,King and Queen,Lee Richardson,0.225,0.522,0.495,0.31,0.00035,0.0298,67.999,-6.039,0,6,188710.0,4.0
0sKLQwImGio9bntiz0CmdW,Johnny Belinda,Active Child,0.182,0.281,0.415,0.104,0.0902,0.036,135.042,-11.061,0,9,303427.0,4.0
4Tvw0lweq9l2JPQKFbpbBQ,Better When You're Gone,David Guetta,0.0635,0.647,0.795,0.409,0.0,0.0372,127.992,-3.548,0,1,192402.0,4.0
6QiPVkjpQhsYjcfVjufFgS,First Sight Type,Ollie Joseph,0.0939,0.662,0.728,0.735,0.0,0.0526,163.09,-4.503,1,4,180368.0,4.0
7gq9Mo03Zr417T2C5sgR03,Don’t Tell Me,Matisse & Sadko,0.113,0.597,0.785,0.575,0.0,0.04,126.002,-3.219,0,4,173571.0,4.0
2eCnFHf7CQpzz5L1QmYLnm,DELALI,DANNY EAST,0.351,0.679,0.597,0.547,0.000809,0.048,100.031,-13.457,0,3,221200.0,4.0
1Euxgvb9NxrRUNnAD6ak40,La Última Vez,Sebas Estrada,0.474,0.687,0.619,0.724,0.0,0.205,180.057,-9.41,1,9,163333.0,4.0
0KYeH0LNrQfx0z7lt2mY7s,Dime que si,Tom Boxer,0.0293,0.727,0.929,0.815,1.11e-05,0.0812,105.548,-2.613,0,5,179716.0,4.0
3T7SxterTU2KMvdcOYXzSj,Charlie Boy,The Lumineers,0.964,0.414,0.187,0.276,0.0183,0.0326,127.323,-13.253,1,7,261427.0,4.0
3Ro1J1lgQnTDb8HfCHiMGd,Do Anything You Wanna Do,Eddie & The Hot Rods,0.00111,0.351,0.81,0.699,0.0916,0.0578,147.873,-8.334,1,9,244813.0,4.0
32uXfxJERzv4RK1gMLXbOA,Sink to the Bottom,Fountains Of Wayne,0.0142,0.471,0.71,0.809,3.57e-05,0.0286,97.43,-6.418,1,4,192493.0,4.0
3YTiZ2Y0pMjOsVGUU4eVwv,These Things Never Change,Josh Auer,0.00309,0.468,0.774,0.374,1.09e-05,0.0302,80.004,-7.66,0,6,292864.0,4.0
00Ia46AgCNfnXjzgH8PIKH,Latina (feat. Maluma),Reykon,0.0748,0.826,0.713,0.75,0.0,0.129,102.071,-4.017,0,9,226739.0,4.0
7tFKDlatjvRM5b9Dj0lCzy,Reggaeton,Ardian Bujupi,0.135,0.804,0.758,0.402,9.58e-06,0.0501,94.021,-6.535,0,4,153554.0,4.0
4YMyyUyPhOO0NoGbcdngRd,Reggaeton,Valderrama,0.0737,0.787,0.735,0.777,1.96e-06,0.055,96.025,-8.345,1,5,207500.0,4.0
3NPKQ5FXw31cxHXlmTLI1d,Slide With Us,Ollie Joseph,0.0472,0.741,0.587,0.206,0.0,0.0686,155.853,-5.197,0,4,176538.0,4.0
2ot04Ifqibz7PXYSy4Hvoz,Precious to Me,Phil Seymour,0.0192,0.701,0.871,0.953,0.0,0.0281,129.57,-5.916,0,11,171160.0,4.0
5K2wtWyngZwbkrvqHc1YM8,So Good - Jax Jones Remix,Halsey,0.0188,0.666,0.828,0.553,0.017,0.0441,126.994,-6.829,1,1,189143.0,4.0
0rohJsT6NWsThpukt0Xxdc,Higher Ground (feat. John Martin),Martin Garrix,0.0841,0.442,0.619,0.382,0.0,0.0321,128.318,-5.28,1,1,206279.0,4.0
1YMhVt1sflC3ijwLMVtVtm,Baby I'm A Queen,Sofi Tukker,0.0015,0.642,0.813,0.198,0.762,0.0305,119.965,-4.394,0,6,208520.0,4.0
08cX6cPeOywTzqTaLF6lXn,867-5309 / Jenny (Re-Recorded Version),Tommy Tutone,0.0228,0.588,0.699,0.6,0.00404,0.0589,137.633,-10.193,1,7,228000.0,4.0
2zXKqJFHefEgjlg3rYW7Rx,"Who Are You, Really?",Mikky Ekko,0.002,0.643,0.726,0.725,4.52e-06,0.0476,143.97,-6.219,0,10,147000.0,3.0
74njazGdnO2igjEkb0mGiy,September Gurls,Big Star,0.000734,0.423,0.79,0.797,0.0084,0.0336,113.878,-8.161,1,4,168067.0,4.0
0QPm6Dbo3gf3aT6txRg08T,Piradinha,Gabriel Valim,0.028,0.874,0.927,0.772,2.5e-06,0.0778,138.054,-2.74,0,0,164737.0,4.0
2MvvoeRt8NcOXWESkxWn3g,Ribs,Lorde,0.534,0.525,0.472,0.0424,0.614,0.0739,127.945,-9.277,1,4,258969.0,4.0
2Zcz1ZFy0JlGVX0oXn7vE7,I Still Love You,Josh Jenkins,0.781,0.584,0.393,0.087,4.34e-06,0.0286,120.042,-8.049,1,8,216319.0,4.0
7k9U0fagZyVX7mgS1BGlir,Rainy Moonlight,神崎ひさし,0.436,0.677,0.533,0.19,2.42e-06,0.0293,90.022,-9.435,1,5,208000.0,4.0
0rtQpVwfZW6ESBMc3XX5Gg,Japanese Cherry,SHANK,0.00032,0.525,0.963,0.407,3.61e-06,0.104,89.966,-3.77,1,1,,
7BzcHwoNEiwgzaa2QC0SBY,JAPANEGGAE(ジャパネゲエ),サザンオールスターズ,0.265,0.621,0.811,0.799,1.16e-05,0.039,151.359,-6.223,0,2,,
3IOc5ln9w9cTH1SLQn77h6,Japanese Pride,WANIMA,0.00287,0.659,0.954,0.878,0.0,0.0608,122.959,-3.544,1,1,,
4izm2Q9AE1hUWQ7RNjR88p,ジャパニケーション,SPYAIR,0.000641,0.386,0.971,0.521,0.0,0.0894,189.976,-1.945,1,9,,
4PQJs2U6R1xhXLxyjmf4gj,NEO JAPAN,Vaundy,0.0491,0.597,0.813,0.502,0.0,0.225,176.178,-5.54,0,10,,
3uQWsXVaSbY6938V3tJQh3,レット・イット・ゴー～ありのままで～ - Japanese Version,Takako Matsu,0.61,0.536,0.49,0.306,0.0,0.0288,137.157,-6.895,1,8,,
3MugnOv0QoWjoIUwsZkNcD,Japanese Soul Brothers,J Soul Brothers Ⅱ,0.216,0.588,0.778,0.652,0.0,0.0471,110.025,-6.679,0,5,,
0PAyiPTz8gL0udQnSasc5G,TT - Japanese ver.,TWICE,0.0807,0.699,0.856,0.331,8.72e-06,0.0608,129.96,-3.326,1,2,,
79esEXlqqmq0GPz0xQSZTV,Lost In Japan,Shawn Mendes,0.255,0.71,0.737,0.42,0.0,0.367,104.961,-6.781,1,10,,
2Kp8Uh86qX7i2GydDkuZfl,僕は君に恋をする,Ken Hirai,0.295,0.462,0.58,0.299,0.0,0.0288,138.106,-5.713,1,0,,
7gOGc3UdbRHVYRhdaPyNmf,いとしき日々よ Album Mix,Ken Hirai,0.481,0.462,0.514,0.269,0.0,0.0308,154.09,-4.728,1,8,,
0b2PHexDZWgFbvRRswrfRk,田園,Koji Tamaki,0.19,0.411,0.933,0.671,0.0,0.0474,75.281,-6.767,1,7,,
6eV7eK07znOHcKz3bzEmpS,Sugar,Maroon 5,0.0591,0.749,0.788,0.883,0.0,0.0335,120.082,-7.055,1,1,,
70qAmEfbv849ZxktSJCqvY,PRESENT - Japanese ver.,Mrs. GREEN APPLE,0.00538,0.658,0.689,0.787,0.0,0.0363,125.004,-4.262,1,11,,
3QppEXrAGuSrs8pmlxBDou,メロディー,Koji Tamaki,0.866,0.598,0.224,0.165,1.34e-05,0.0322,126.472,-12.619,1,6,,
7fVjBBW6OK31oJrm1QrSck,Rising Sun,EXILE,0.000483,0.568,0.931,0.703,0.0,0.0525,126.932,-4.759,1,0,,
26JeAi8xsSvLRoNsl9B8Js,FANTASTIC BABY - Japanese ver.,BIGBANG,0.00455,0.723,0.828,0.433,0.0,0.0729,130.01,-3.498,0,11,,
2PFKXxY4BPxor3lMEzfiiW,Missing - Japanese Ver.,Che'Nelle,0.784,0.616,0.49,0.11,1.08e-06,0.035,136.294,-6.021,1,11,,
3Tv6eV6SanuShBI2uHCBtz,PRESENT - Japanese ver.,Mrs. GREEN APPLE,0.00538,0.658,0.689,0.787,0.0,0.0363,125.005,-4.262,1,11,,
5m8wiO2ySMpCtYSwHatWQr,AS IF IT’S YOUR LAST - Japanese Version,BLACKPINK,0.141,0.768,0.86,0.489,0.0,0.0733,125.032,-2.234,1,8,,
07Kq5cRJkYNieu1rge3PZX,UNFORGIVEN - Japanese ver.,LE SSERAFIM,0.121,0.797,0.873,0.435,3.63e-05,0.0591,104.002,-4.286,0,4,,
0MvgLL3Rkj9JjEvpUqAy0m,ANTIFRAGILE - Japanese ver.,LE SSERAFIM,0.0677,0.863,0.799,0.823,0.0,0.0662,104.984,-3.555,0,10,,
5UnRutJ5phJ9Ti4WnFgEoJ,CHEER UP - Japanese ver.,TWICE,0.175,0.538,0.878,0.467,0.0,0.083,172.888,-1.291,1,6,,
4pZA1GWGfG4JoZ0rbb8yG2,FANCY - Japanese ver.,TWICE,0.0238,0.692,0.847,0.712,0.0,0.0534,132.053,-1.947,0,5,,
18x0Z8JUwLA2LhgsIHbNy3,Time of Our Life -Japanese ver.- - Japanese ver.,DAY6,0.00681,0.522,0.977,0.729,0.0,0.0556,175.025,-2.715,1,8,,
4AESxPBujvuBbCAfBuA2sq,STAY - Japanese Version,BLACKPINK,0.578,0.384,0.391,0.399,0.0,0.0385,175.818,-7.526,1,1,,
2Q0vkWRWE9u4yvpqWuDOCJ,Could Have Been Me - Japan Version,AiNA THE END,0.00118,0.598,0.754,0.613,0.0,0.0993,80.008,-4.329,1,9,,
5qgNc9f3h5YZz4RnM4KGJY,HaruHaru - Japanese Version,BIGBANG,0.541,0.499,0.617,0.469,0.0,0.0438,125.964,-7.878,0,3,,
1IWoF7igE9VPm59E6UceJd,FIESTA - Japanese Ver.,IZ*ONE,0.0405,0.725,0.906,0.686,0.0,0.0627,123.05,-2.216,1,7,,
3ovYlDqMHyuTssHN6XkM1C,FEARLESS - Japanese ver.,LE SSERAFIM,0.0518,0.856,0.663,0.376,0.000997,0.0841,103.979,-5.969,1,7,,
3gSGchfwjDKKVOE3RRXDSZ,Alcohol-Free - Japanese ver.,TWICE,0.0336,0.683,0.925,0.669,1.59e-05,0.0553,96.987,-2.083,1,8,,
4i4VdOx4knWp2iwj9bTayu,Deja Vu - Japanese Ver.,TOMORROW X TOGETHER,0.0735,0.38,0.577,0.26,0.0,0.0755,162.982,-5.345,0,5,,
5DVgfulxeJZJYc8FseyfUf,AS IF IT’S YOUR LAST - Japanese Version,BLACKPINK,0.127,0.766,0.869,0.527,0.0,0.0716,125.067,-2.261,1,8,,
7u6awM8yTcM17pBzyhMO4C,9と4分の3番線で君を待つ (Run Away) - Japanese Ver.,TOMORROW X TOGETHER,0.00606,0.629,0.791,0.46,0.0,0.101,128.982,-4.308,1,1,,
79wGSosJVd0rCq0WVODaph,Way Back Home - Japanese Ver.,SHAUN,0.603,0.769,0.677,0.571,1.78e-06,0.0334,99.981,-4.703,1,10,,
2PE9H3nIrrQvHuWCbKglpe,Drunk-Dazed - Japanese Ver.,ENHYPEN,0.000709,0.599,0.823,0.509,0.0,0.0482,132.89,-5.357,1,1,,
6pu3d534uImXPTd2ef7Yr2,Tamed-Dashed - Japanese Ver.,ENHYPEN,0.00129,0.604,0.805,0.726,3.17e-06,0.0478,154.996,-4.335,0,1,,
2rPvbloYiatOGsvWWvR62H,5時53分の空で見つけた君と僕 - Japanese Ver.,TOMORROW X TOGETHER,0.0198,0.709,0.81,0.668,0.0,0.0953,112.037,-4.163,0,3,,
34XCh5DGAAGwwIGJoQpzU5,Bills - Japanese Ver.,ENHYPEN,0.028,0.69,0.596,0.487,0.0,0.0486,89.003,-5.993,1,8,,
5dlLmuARBEgcqMSzsUqxCA,Love 119 - Japanese Ver.,RIIZE,0.417,0.736,0.733,0.455,0.0,0.0533,98.556,-4.666,1,8,,
6u1ILVDFXcmQGQGCA3h849,血、汗、涙 - Japanese ver.,BTS,0.0704,0.61,0.892,0.576,0.0,0.108,93.039,-3.52,0,0,,
4Bkh5uDlP14vneIoRG0umC,DNA - Japanese ver.,BTS,0.00335,0.574,0.761,0.597,0.0,0.0849,129.817,-3.579,0,1,,
4yRVrTMD8zLyaCVcirIAdu,0X1=LOVESONG (I Know I Love You) - Japanese Ver.,TOMORROW X TOGETHER,0.0601,0.522,0.818,0.5,0.0,0.0997,105.328,-5.025,1,5,,
68FitshLHaAaDnoyAsq8L5,YES or YES - Japanese ver.,TWICE,0.0655,0.707,0.915,0.769,0.0,0.0419,137.972,-2.991,1,6,,
0INxaaPlo9DnT0OYEzHdsk,Bite Me - Japanese Ver.,ENHYPEN,0.254,0.792,0.788,0.79,1.3e-06,0.187,104.959,-4.628,0,6,,
1F6lnQwfiEzq7ikNnODitc,WANNABE - Japanese ver.,ITZY,0.00955,0.818,0.888,0.659,0.000396,0.0717,122.041,-4.227,0,6,,
5na7IiFow1qNGtLhhBAaSI,WISH - Japanese Ver.,NCT WISH,0.0126,0.692,0.912,0.721,0.0,0.0481,98.99,-2.714,0,4,,
5nIjOnMbC0QDMrYFLGx0yV,BOOMBAYAH - Japanese Version,BLACKPINK,0.0225,0.748,0.868,0.513,4.85e-06,0.0533,124.952,-2.296,0,5,,
0yZyOIPdrgJDdFByrQUrWi,CRUSH - Japanese ver.,ZEROBASEONE,0.083,0.658,0.796,0.337,0.0,0.076,153.964,-4.978,1,1,,
3SCRXReEFR5yhw5jnMA0zE,Songbird - Japanese Ver.,NCT WISH,0.00263,0.723,0.85,0.617,0.0,0.0716,117.978,-4.35,1,0,,
16INy5p1nqppZOkqrIjOzz,野球,Quruli,0.0015,0.467,0.904,0.327,3.06e-06,0.0839,102.365,-7.662,1,0,,
7Dko3seRRMWbzZdO0mjUb5,Young Japanese,OKAMOTO'S,0.00506,0.581,0.965,0.888,1.29e-06,0.0768,87.01,-3.01,1,0,,
0H7Wdgn1C7vFy4z0o2kBUZ,japan,Yot Club,0.086,0.639,0.82,0.369,0.939,0.0448,165.895,-6.782,1,5,,
0hylDTGDkJMhJkzU1BSpgj,ジャパニケーション,SPYAIR,0.000685,0.395,0.969,0.536,0.0,0.0991,189.985,-3.069,1,9,,
55AutJlXDlq53kmE7yqCM4,ジャパンパン~日本全国地元化計画~,C&K,0.111,0.685,0.988,0.857,0.0,0.0674,129.93,-2.872,1,1,,
7qNygeEbpGjda2SQHdAwnv,Japan,DEAMN,0.475,0.704,0.88,0.908,0.00164,0.0354,121.949,-3.076,1,2,,
1o8Islqw78GnRR1BTp0qzh,SIGNAL - Japanese ver.,TWICE,0.271,0.611,0.724,0.656,0.0,0.39,207.581,-3.303,1,0,,
2bnUATKYS3JykGpZjjlbXV,Like OOH-AHH - Japanese ver.,TWICE,0.341,0.687,0.837,0.762,0.0,0.0566,142.029,-2.153,1,6,,
4QnBRJaUqw1iopIT39mcZY,Let It Go - Japanese Version,Takako Matsu,0.606,0.535,0.487,0.314,0.0,0.0282,137.137,-6.914,1,8,,
5LkQpbBFgoyQm1jGlznT7p,KNOCK KNOCK - Japanese ver.,TWICE,0.0984,0.697,0.957,0.396,2.92e-06,0.204,130.03,-2.603,1,9,,
1HfsmNlg8xxhOr9N2i4Q0n,Touching Yourself,The Japanese House,0.135,0.714,0.68,0.934,1.82e-06,0.026,108.001,-5.989,1,3,,
1dUk8cwy9R1yPtpOjlqq4z,Feel Special - Japanese ver.,TWICE,0.0389,0.707,0.951,0.696,0.000113,0.0522,128.993,-1.608,1,1,,
5Px6UA0dmCRZeScW9HZ5re,Let It Go - Japanese Version,Takako Matsu,0.606,0.535,0.487,0.314,0.0,0.0282,137.137,-6.914,1,8,,
0auI49a6lE4phcRVY8hKiY,What is Love? - Japanese ver.,TWICE,0.0501,0.564,0.892,0.637,0.0,0.0639,169.939,-1.84,1,1,,
1dshQlsQ68Uf7p54yCFrCx,最高到達点,SEKAI NO OWARI,0.0745,0.648,0.955,0.823,0.0,0.0465,132.0,-3.918,1,6,,
446I5WnjEJvkvmGhUf5IzT,LIKEY - Japanese ver.,TWICE,0.379,0.717,0.893,0.426,0.000112,0.0382,131.947,-1.391,0,4,,
1d9fga0Ha7IqNrBw3v9wgL,POPPIA - JAPAN Version,TO1,0.0137,0.628,0.922,0.77,0.0,0.161,97.911,-2.637,1,1,,
3dFsp2LG3OIOgBaBU87FR6,SCIENTIST - Japanese ver.,TWICE,0.0459,0.791,0.866,0.672,0.0,0.0597,112.975,-3.878,1,11,,
7da9SqsZfcyFnSc9ifh8cl,Making Today a Perfect Day - Japanese Version,Takako Matsu,0.673,0.611,0.443,0.5,0.0,0.132,117.113,-7.557,1,0,,
1tyCxhxiHQ9DoHIiDMFPzL,I CAN'T STOP ME - Japanese ver.,TWICE,0.0989,0.652,0.855,0.782,0.0,0.0754,150.018,-3.775,0,10,,
1OKHpdtnG3eBJuq2ttFqMs,HOME;RUN - Japanese ver.,SEVENTEEN,0.0518,0.681,0.939,0.619,0.0,0.0844,96.025,-2.815,1,2,,
0rC1qQ7g69nOhjoKO9dse1,We Are Never Ever Getting Back Together - Japanese Ver.,MACO,0.645,0.577,0.62,0.538,2.77e-05,0.0277,81.97,-4.382,1,7,,
2SZcEMawmu7BGQHllLKpkv,LATATA - Japanese ver.,(G)I-DLE,0.00371,0.805,0.802,0.54,2.21e-06,0.17,98.073,-4.223,0,9,,
3xs2LkBQl7wnBPC5zsiIqj,CRY FOR ME - Japanese ver.,TWICE,0.0482,0.709,0.77,0.469,0.0,0.0411,144.8,-4.414,1,10,,
0woJiUqe0abNwUFKtffzFf,Together - Japanese ver.,SEVENTEEN,0.122,0.481,0.922,0.755,0.0,0.0577,162.021,-3.067,1,1,,
0DQ8eRAcGG1iUIdqk6RFhq,Baby Baby - Japanese Version,BIGBANG,0.0609,0.737,0.94,0.837,0.0,0.141,135.009,-2.71,0,6,,
3OkmcKrdvkc3G8QE7Xt7QM,Pinwheel - Japanese ver.,SEVENTEEN,0.283,0.613,0.702,0.532,0.0,0.068,86.984,-4.595,1,11,,
2W1YeWvOpGWQIArbfI4pnw,LIKEY - Japanese ver.,TWICE,0.379,0.717,0.893,0.426,0.000112,0.0382,131.947,-1.391,0,4,,
2OpCSqz1CmMnEl4UFWGXl3,HaruHaru - Japanese Version BIGBANG JAPAN DOME TOUR 2017 -LAST DANCE- : THE FINAL,BIGBANG,0.29,0.523,0.597,0.454,0.0,0.033,125.884,-6.504,0,3,,
06NMu4JoNGm61R4y2k53hR,Always - Japanese Version,BIGBANG,7.99e-05,0.667,0.785,0.333,0.0,0.0242,116.006,-3.51,0,5,,
6OKXcx7tClGAS0o2cOTl2v,REALLY - Japanese Version,BLACKPINK,0.0255,0.715,0.876,0.948,0.0,0.101,142.034,-2.361,1,1,,
2T7E6Gl6XxB8UnuqrufqYT,Given-Taken - Japanese Ver.,ENHYPEN,0.11,0.581,0.68,0.438,0.0,0.0357,107.986,-5.076,0,8,,
0CPVaydX9lEvyNsL8pTNfQ,Tamed-Dashed - Japanese Ver.,ENHYPEN,0.00107,0.604,0.795,0.713,2.97e-06,0.047,155.083,-4.316,0,11,,
1aHFbW8QF7LoJWcX0kPcrH,What is Love? - Japanese ver.,TWICE,0.0501,0.564,0.892,0.637,0.0,0.0639,169.939,-1.84,1,1,,
3picEaAiFbUtP9YDoM7J73,Dance The Night Away - Japanese ver.,TWICE,0.109,0.681,0.847,0.743,4.02e-05,0.107,117.947,-3.855,1,0,,
3hePH8YWEb6BUJ163U9wDa,Heart Shaker - Japanese ver.,TWICE,0.00936,0.538,0.935,0.826,0.0,0.061,163.908,-1.075,1,8,,
6WEi5P5mIXiQKTCxJulLcJ,MOA Diary (Dubaddu Wari Wari) - Japanese Ver.,TOMORROW X TOGETHER,0.0629,0.708,0.876,0.639,0.0,0.183,113.973,-5.226,1,4,,
4a8guR4owPEdDyLsPIC6HP,Spring Day - Japanese ver.,BTS,0.104,0.572,0.825,0.424,0.0,0.037,106.976,-4.383,1,8,,
0iFsu3YvlnYeHoUilCVpAJ,20 - Japanese ver.,SEVENTEEN,0.266,0.666,0.857,0.818,0.0,0.0392,101.989,-3.011,1,7,,
2mx1JVdiFP2PYEPDr5v5OO,Blessed-Cursed - Japanese Ver.,ENHYPEN,0.0816,0.61,0.879,0.382,0.0,0.0611,126.96,-3.582,0,4,,
4RBVjeX3TfKeMBfQtAiA38,風 (Levanter) -Japanese ver.-,Stray Kids,0.00397,0.558,0.697,0.373,0.0,0.0588,149.95,-4.864,1,9,,
4jUEHIrc443f743JbyLN0y,DDU-DU DDU-DU - Japanese Version,BLACKPINK,0.0296,0.703,0.845,0.428,0.0,0.0682,139.936,-3.479,0,11,,
5wc3JZS10SM1JoCv13Fr5Y,GOOD SO BAD - Japanese ver.,ZEROBASEONE,0.219,0.717,0.789,0.748,0.0,0.0531,110.052,-4.408,1,1,,
29x3S9kmzTGHswtjSVeUPr,PLAYING WITH FIRE - Japanese Version,BLACKPINK,0.0243,0.664,0.764,0.656,0.0,0.0661,97.029,-3.915,0,4,,
02h4inVwwNX1cMuGCDtsgV,FOREVER YOUNG - Japanese Version,BLACKPINK,0.0868,0.628,0.967,0.463,1.12e-06,0.0569,110.072,-1.134,1,4,,
51jvR5cPRh3Yfiwo5qdNXw,"Earth, Wind & Fire - Japanese Ver.",BOYNEXTDOOR,0.0124,0.656,0.893,0.565,0.0,0.0771,153.039,-3.038,0,11,,
32A0F3zsYBiKAUPRtcNWE2,In Bloom - Japanese ver.,ZEROBASEONE,0.165,0.385,0.912,0.403,8.8e-06,0.101,80.848,-3.35,1,6,,
7cGPbFspknbvGM2be2eY2Z,Ride the Vibe (Japanese Ver.),NEXZ,0.0279,0.654,0.858,0.816,0.0,0.214,90.104,-3.54,1,1,,
3YQGUxwD2OvuiMhnoiIamL,My Pace Japanese version,Stray Kids,0.0179,0.672,0.865,0.7,0.0,0.269,154.979,-4.166,0,11,,
3sgrwjWNJy753U30irIdEN,WHISTLE - Japanese Version,BLACKPINK,0.00235,0.823,0.718,0.588,0.0,0.0511,102.956,-5.474,0,6,,
6WLXm8tnpIlkhpqMUzx1ED,Japaneggae(Sentimental),サザンオールスターズ,0.461,0.613,0.708,0.753,9.85e-05,0.0554,150.393,-8.971,0,9,,
4Ck1XtjPjcXCodCgrgiwDP,JAPANESE WOMAN,Bread And Butter,0.286,0.806,0.657,0.785,0.0178,0.0315,102.475,-8.351,0,11,,
54zLp29XxUz0GODgYxiYYX,アイシテル,Ken Hirai,0.662,0.499,0.571,0.398,0.0,0.0275,71.997,-5.196,1,2,,
3CcKmNXMX61R6ABNgyCBhP,grandiose - Japanese Version,Pomme,0.913,0.433,0.189,0.356,0.0,0.0349,103.318,-10.316,0,10,,
575NJxNUVDqwJGdzBrlLbv,Lost In Japan - Remix,Shawn Mendes,0.0898,0.706,0.855,0.299,0.0,0.221,107.184,-5.378,1,10,,
6Fcoih4yHMyXLzDcTeVUgn,STAY - Japanese Version,BLACKPINK,0.587,0.589,0.398,0.427,0.0,0.0314,88.062,-7.5,1,1,,
4gez9Iw6VVrpXnFYUCV7qq,Japanese Soul Brothers,J Soul Brothers Ⅱ,0.265,0.601,0.815,0.656,0.0,0.0523,109.968,-6.007,0,0,,
6FnZShD1O17bZa9emuXLXh,Blue Flame - Japanese ver.,LE SSERAFIM,0.0213,0.771,0.743,0.746,8.54e-06,0.0377,112.056,-3.601,0,4,,
31cPtAsM5gjCeQYhlwbIBD,UNFORGIVEN - Japanese ver.,LE SSERAFIM,0.121,0.797,0.873,0.435,3.63e-05,0.0591,104.002,-4.286,0,4,,
4R7QVSqBN0koJHcOL7PGb5,SIGNAL - Japanese ver.,TWICE,0.271,0.611,0.724,0.656,0.0,0.39,207.581,-3.303,1,0,,
7GsFOj8pJ1Nd4KWM35bA9j,Lovey-Dovey - Japanese ver.,T-ARA,0.0529,0.81,0.778,0.484,0.0,0.0748,128.067,-3.087,0,6,,
0oFE8NlomVrCxhgVZ5FsuE,SCIENTIST - Japanese ver.,TWICE,0.0459,0.791,0.866,0.672,0.0,0.0597,112.975,-3.878,1,11,,
0waIm4YC88mWbGL1eHEyEn,MONSTER - Japanese Ver.,BIGBANG,0.0129,0.64,0.758,0.498,0.0,0.0544,127.945,-4.535,1,0,,
3Gm2nUwuOZkOnd87D3yG0J,ケセラセラ,Mrs. GREEN APPLE,0.0306,0.756,0.578,0.677,0.0,0.0327,115.004,-4.575,0,6,,
4BjPm0ZU2vq59sUoQkcAGn,Drunk-Dazed - Japanese Ver.,ENHYPEN,0.000652,0.6,0.821,0.524,0.0,0.0499,132.855,-5.351,1,1,,
1MmSeZ1Q4yd3LoZv7RXmWe,Run to You - Japanese ver.,SEVENTEEN,0.023,0.429,0.866,0.605,0.0,0.127,178.134,-4.038,1,7,,
4Ze3EcUth9DFYC5M9r2SCC,247 - Japanese ver.,SEVENTEEN,0.701,0.719,0.615,0.5,0.0,0.0523,128.031,-7.001,1,11,,
6xBivAKgcdsCBFGaC3IzSr,Drama - Japanese Ver.,TOMORROW X TOGETHER,0.0733,0.629,0.936,0.744,0.0,0.0704,125.991,-4.251,0,1,,
0MiR9O8fJIus2V5LPMwDob,Given-Taken - Japanese Ver.,ENHYPEN,0.111,0.573,0.672,0.44,0.0,0.0353,107.944,-5.06,0,8,,
2X6szNA0XVXg8YDy3Nk8vs,Nonstop Japanese ver.,OH MY GIRL,0.16,0.745,0.908,0.712,0.0,0.0396,124.018,-2.731,1,0,,
4jTEbIwCMcHSwlSEiR4NlQ,FAKE LOVE - Japanese ver.,BTS,0.00362,0.546,0.682,0.433,0.0,0.039,154.923,-5.628,0,2,,
6gUaVBXsaFrrG5TrUX0cvd,ある日、頭からツノが生えた (CROWN) - Japanese Ver.,TOMORROW X TOGETHER,0.0548,0.631,0.806,0.537,0.0,0.0435,111.004,-5.581,1,5,,
1OIvtRP340w1rr306ToHle,Together - Japanese ver.,SEVENTEEN,0.102,0.481,0.925,0.774,0.0,0.0545,161.965,-3.067,1,1,,
7IS4NciwYPs1wMywOKx69z,SEE U LATER - Japanese Version,BLACKPINK,0.0322,0.774,0.907,0.659,0.0,0.114,107.005,-3.799,1,0,,
1GAAUZBTaIM1LwNpOJQJrZ,Boy With Luv - Japanese ver.,BTS,0.0661,0.673,0.855,0.78,0.0,0.089,119.917,-4.65,0,11,,
748HZyUpqoafPp9MELCThm,HOME;RUN - Japanese ver.,SEVENTEEN,0.0518,0.681,0.939,0.619,0.0,0.0844,96.025,-2.815,1,2,,
5V3U5OV8s71kqYrllbsFvv,20 - Japanese ver.,SEVENTEEN,0.246,0.666,0.862,0.762,0.0,0.0389,102.004,-2.968,1,7,,
4ZT4O75aDMsEBsiaEk6vs9,Dolphin Japanese ver.,OH MY GIRL,0.163,0.858,0.674,0.722,0.0,0.0777,114.044,-5.283,1,9,,
6CSlnSL7YojFoHg6lH2NUm,Pinwheel - Japanese ver.,SEVENTEEN,0.282,0.474,0.7,0.508,0.0,0.139,173.947,-4.546,1,11,,
3KJHDWhswwu5WZdGfVaXSX,Feel the POP - Japanese ver.,ZEROBASEONE,0.133,0.748,0.763,0.671,0.0,0.159,149.033,-6.015,1,9,,
0fREGqFdul0GnsIuxU7aEh,My Pace -Japanese ver.-,Stray Kids,0.0163,0.664,0.867,0.703,0.0,0.275,154.999,-4.099,0,11,,
2gpwaAJnSDTevgZa4uyM0H,POPPY - Japanese Ver.,STAYC,0.314,0.819,0.709,0.638,0.0,0.0382,126.001,-5.351,0,4,,
7Lzda5f4pfjczre2GZiwht,0X1=LOVESONG (I Know I Love You) - Japanese Ver.,TOMORROW X TOGETHER,0.0601,0.522,0.818,0.5,0.0,0.0997,105.328,-5.025,1,5,,
2vYF5MHeCNtqCVastthDAo,IDOL - Japanese ver.,BTS,0.000331,0.705,0.754,0.422,0.0,0.0895,126.014,-5.453,0,6,,
6wO7MuWE2dcqonEwfUO56V,HIGHLIGHT - Japanese ver.,SEVENTEEN,0.0209,0.56,0.926,0.555,0.0,0.137,144.991,-3.128,1,0,,
1J1blnw8IYPyNtrJQSNmYK,"Earth, Wind & Fire - Japanese Ver.",BOYNEXTDOOR,0.0147,0.661,0.904,0.527,0.0,0.0724,153.057,-2.969,0,11,,
2hhizKAVm9wNn0d2N05jkG,ON - Japanese ver.,BTS,0.119,0.598,0.821,0.428,0.0,0.114,105.991,-5.653,0,9,,
1n65hd4fBsar7PGQRhtVBA,Rock with you - Japanese ver.,SEVENTEEN,0.0831,0.613,0.877,0.832,0.0,0.0612,163.892,-5.161,1,11,,
5K2lP9MuPQGHY7wEWYPP9V,But Sometimes - Japanese Ver.,BOYNEXTDOOR,0.0203,0.838,0.864,0.62,0.0,0.106,96.949,-3.5,0,11,,
3lwif0ky1b6llUB5p4uulL,Future Perfect (Pass the MIC) - Japanese Ver.,ENHYPEN,0.0297,0.686,0.893,0.461,0.0,0.168,78.007,-3.512,1,7,,
2UHaIBd2uiIFLZ9pgHMpJl,Home - Japanese ver.,SEVENTEEN,0.516,0.744,0.526,0.573,0.0,0.153,87.981,-5.608,1,9,,
6yGKx4J9UdMp7tcaGXWzDj,Best Of Me - Japanese ver.,BTS,0.0366,0.659,0.769,0.398,0.0,0.0831,122.006,-4.262,0,0,,
7qe7pu7p3I7VxRot18Ytz9,HIGHLIGHT - Japanese ver.,SEVENTEEN,0.02,0.566,0.935,0.497,2.2e-06,0.133,145.057,-3.124,1,0,,
0AhLcPgB49e98EbLQVYUA3,One and Only - Japanese Ver.,BOYNEXTDOOR,0.0216,0.877,0.766,0.674,0.000165,0.0587,100.0,-2.982,1,1,,
5iN6tDlsK95bWBlMfVoVmL,MOA Diary (Dubaddu Wari Wari) - Japanese Ver.,TOMORROW X TOGETHER,0.0661,0.708,0.877,0.609,0.0,0.179,113.977,-5.236,1,9,,
2Hg6dMAD2KJwo2wlA9Xk1B,Good Boy Gone Bad - Japanese Ver.,TOMORROW X TOGETHER,0.0194,0.711,0.702,0.636,0.0,0.073,99.994,-5.817,0,8,,
77hrd0E1jOlJ4Gw5Dqzyoz,CHILL -Japanese ver.-,Stray Kids,0.0843,0.724,0.925,0.655,0.0,0.0422,95.996,-3.197,1,7,,
5iMOFSCv5BD3oymgHqucTB,五番目の季節 Japanese ver.,OH MY GIRL,0.511,0.565,0.892,0.529,0.0,0.0485,126.06,-2.515,0,11,,
1B6LokS0khXP515qX7VgUo,Tears Are Falling - Japanese Ver.,NCT WISH,0.135,0.734,0.592,0.624,2.16e-05,0.106,170.06,-7.003,1,7,,
75WjCElnXqFSlzfycbCvtM,Sail Away - Japanese Ver.,NCT WISH,0.0325,0.657,0.774,0.557,0.0,0.194,169.955,-4.741,1,4,,
7DjD6dhj01FxchEwKHZYbm,JAPANESE MANNER,clammbon,0.344,0.706,0.804,0.918,8.46e-06,0.0356,123.851,-7.562,1,1,,
4B8fOxOuRsnNQe29Pbj7xb,JAPANEGGAE（ジャパネゲエ）,サザンオールスターズ,0.34,0.622,0.672,0.802,6.3e-05,0.0432,151.382,-11.747,0,2,,
1A0UInuNLF72pCeIpCUwUP,ジャパニケーション,SPYAIR,0.000641,0.386,0.971,0.521,0.0,0.0894,189.976,-1.945,1,9,,
0YQmnnYxEGGIX5IHpDZqCK,夢のむこうで,Ken Hirai,0.255,0.527,0.534,0.157,0.0,0.0292,143.75,-6.879,1,1,,
5MoS9hk4lrXxbN17SIRwI5,レット・イット・ゴー～ありのままで～ - Japanese Version,May J.,0.758,0.577,0.458,0.342,0.0,0.029,136.911,-6.166,1,8,,
36YY9Yeq3XastTeC1e0VmN,:),The Japanese House,0.351,0.605,0.861,0.788,0.000395,0.0299,150.996,-7.2,1,2,,
50lqtKshp5rWoRbZogtEn5,Engine - Japanese Version,Tamio Okuda,0.0346,0.594,0.867,0.38,3.48e-05,0.0347,120.013,-5.061,1,2,,
2ONi14mdKpYBpbC5bIq3Dl,かわE,Yabai T-Shirts Yasan,0.0334,0.602,0.989,0.648,0.000197,0.0557,97.414,-1.005,1,1,,
0dpyzcT3RMNNSd2xKBf35I,Be Sweet,Japanese Breakfast,0.0102,0.653,0.877,0.62,1.04e-05,0.0275,109.985,-5.82,0,2,,
16QiytkTIgRUF2GcNZfY1c,レット・イット・ゴー～ありのままで～ - Japanese End Credit Version,May J.,0.00514,0.533,0.666,0.235,0.0,0.0315,140.064,-6.348,1,7,,
7xPl4N3gfksIrkIN9xhGbv,ジャパニーズSTAR,Girls2,0.123,0.652,0.976,0.806,0.0,0.0545,162.036,-2.792,1,7,,
7ihVeKd4RjiZ3y12nDhPZO,Sunshine Baby,The Japanese House,0.58,0.549,0.579,0.717,9.62e-06,0.0318,87.987,-8.303,1,0,,
2ogcAs37YnycZjimSPbJZJ,Japan,DEAMN,0.475,0.704,0.88,0.908,0.00164,0.0354,121.949,-3.076,1,2,,
6XbwCFdQI4CqqNZbKluw3k,Japanese Soul Brothers,J Soul Brothers Ⅱ,0.252,0.601,0.813,0.654,0.0,0.0469,109.98,-6.015,0,0,,
4DMGayB7viXvoLBtOFtpjg,Playing with the Boys,Kenny Loggins,0.112,0.654,0.894,0.899,2.76e-06,0.0411,142.015,-6.567,1,2,,
0u2GReSjRoSBU2gzddUfY4,You(=I),BOL4,0.569,0.741,0.671,0.611,0.0,0.0351,105.07,-6.8,1,8,,
3sR8JLZH6aCgPN3XwHh2FU,FEARLESS - Japanese ver.,LE SSERAFIM,0.0518,0.856,0.663,0.376,0.000997,0.0841,103.979,-5.969,1,7,,
2IbQ5hQVrzg4e6bNruEqOs,PLAYING WITH FIRE - Japanese Version,BLACKPINK,0.0209,0.666,0.774,0.625,0.0,0.0727,97.069,-3.963,0,4,,
0KQvYf5R5HlASf0yyGnPKS,ELEVEN -Japanese version-,IVE,0.0686,0.822,0.748,0.477,4.13e-06,0.0852,119.886,-3.144,1,9,,
4suDPyEfKYtqDR2OGblbTi,9と4分の3番線で君を待つ (Run Away) - Japanese Ver.,TOMORROW X TOGETHER,0.00489,0.63,0.787,0.466,0.0,0.103,128.997,-4.302,1,1,,
3bXYYgpCaYZBud2fB3I4ex,ELEVEN -Japanese version-,IVE,0.0686,0.822,0.748,0.477,4.13e-06,0.0852,119.886,-3.144,1,9,,
7vbSARXsGOhAEiLLYhR6NF,"HaruHaru - (Japanese Version) BIGBANG JAPAN DOME TOUR 2014～2015 ""X""",BIGBANG,0.241,0.543,0.698,0.363,0.0,0.0451,125.929,-8.666,0,3,,
0QsvXIfqM0zZoerQfsI9lm,Don't Let Me Down,The Chainsmokers,0.16,0.542,0.859,0.403,0.00466,0.197,159.797,-5.651,1,11,,
4iY4ablm7pRUCxO4ohxUC7,Everybody - Japanese ver.,SHINee,0.00588,0.636,0.907,0.724,0.0,0.0743,125.97,-3.514,0,0,,
1fmNWiZKZem2lMBBlLKW8d,MORE & MORE - Japanese ver.,TWICE,0.044,0.747,0.831,0.517,0.0,0.0483,106.978,-4.964,0,9,,
2y0zVBp8k5ERzA24B3CuqP,Natural - Japanese Version,Valley,0.0569,0.632,0.681,0.747,0.0,0.0501,93.964,-6.218,0,9,,
47bH8n39mkMHosMkniJRq0,SLUMP -Japanese ver.-,Stray Kids,0.145,0.592,0.83,0.751,0.0,0.213,159.887,-3.367,1,7,,
5P6ePcSpO8v4AHUgZkS3uz,LOVE DIVE -Japanese version-,IVE,0.00172,0.694,0.713,0.512,6.99e-05,0.0445,118.026,-4.208,0,1,,
7hQwG47K0xxgxdJN1aXRGu,Sugar Rush Ride - Japanese Ver.,TOMORROW X TOGETHER,0.00709,0.701,0.863,0.806,0.0,0.0819,125.044,-3.687,0,5,,
06oAIFg6ay8HDjYupRTRO7,I AM -Japanese version-,IVE,0.0104,0.708,0.9,0.302,0.0,0.0628,122.021,-4.393,0,4,,
6NuOHCf3n03xit6fKhV7SZ,Chilli - Japanese ver.,SEVENTEEN,0.34,0.745,0.716,0.924,0.0,0.0976,150.137,-5.402,0,0,,
5Pcyt19ffym6qDirHrPKll,Run to You - Japanese ver.,SEVENTEEN,0.023,0.429,0.866,0.605,0.0,0.127,178.134,-4.038,1,7,,
1DOmNSj2SZ5IzOBpJqEYvm,247 - Japanese ver.,SEVENTEEN,0.708,0.724,0.615,0.441,0.0,0.0511,127.99,-6.989,1,11,,
72mz4jaq7bZ30LnFfj6Q1o,Violeta - Japanese Ver.,IZ*ONE,0.00165,0.727,0.885,0.683,0.0,0.0467,114.993,-2.696,1,7,,
3oCzyOYIjAMAg1rGvTmr5o,ソリクン -Japanese ver.-,Stray Kids,0.156,0.6,0.762,0.773,0.0,0.239,172.058,-3.692,0,5,,
1GzYKagCh7jmdETXLcxT3H,Home - Japanese ver.,SEVENTEEN,0.477,0.744,0.517,0.536,0.0,0.165,87.984,-5.605,1,9,,
3pgoGjjFNc6OkuDHVyVDoh,Healing - Japanese ver.,SEVENTEEN,0.0937,0.653,0.803,0.815,0.0,0.0437,117.026,-4.107,1,2,,
06Y6it9MNZVoGxxKcZ4qps,声をきかせて - BIGBANG JAPAN DOME TOUR 2017 -LAST DANCE- : THE FINAL,BIGBANG,0.0111,0.519,0.869,0.335,0.0,0.0447,119.961,-5.203,1,6,,
08Wb48WzNF0Od8NvkkFDcW,All My Love - Japanese ver.,SEVENTEEN,0.498,0.658,0.701,0.66,0.0,0.0621,87.982,-6.705,1,7,,
3Vq4EAlxbgXSw561OL3EQR,Let Me In (20 CUBE) - Japanese Ver.,ENHYPEN,0.00208,0.475,0.77,0.673,0.0,0.0943,171.775,-4.552,0,8,,
5mfevw9okQ6kAyb7UWlLiE,Let Me In (20 CUBE) - Japanese Ver.,ENHYPEN,0.00192,0.476,0.77,0.609,0.0,0.0933,171.942,-4.572,0,8,,
1n52exGqPZkKBItLYxMksJ,Good Boy Gone Bad - Japanese Ver.,TOMORROW X TOGETHER,0.0194,0.711,0.702,0.636,0.0,0.073,99.994,-5.817,0,8,,
6j0NiWoRQDiNC05RwVVZNa,Dionysus - Japanese ver.,BTS,0.0218,0.455,0.893,0.588,0.0,0.148,175.992,-3.712,1,7,,
0YguyyCOTyujhSDXWyB4W3,Go Go - Japanese ver.,BTS,0.222,0.837,0.69,0.847,0.0,0.088,136.07,-4.705,0,10,,
3IjsvJc4SK3PT0SjhHKuvB,CASE 143 -Japanese ver.-,Stray Kids,0.076,0.654,0.872,0.706,0.0,0.316,199.936,-2.962,0,8,,
5c4yYHkZTohhsdHDQ3NGIA,I NEED U - Japanese Ver.,BTS,0.0134,0.499,0.845,0.692,0.0,0.0728,158.015,-4.988,0,5,,
1T45Y4WQqjiR7UXiHVzP3N,Sugar Rush Ride - Japanese Ver.,TOMORROW X TOGETHER,0.00709,0.701,0.863,0.806,0.0,0.0819,125.044,-3.687,0,5,,
63jDEQCIg1YJLYeiqKJxFg,Oh My! - Japanese ver.,SEVENTEEN,0.323,0.665,0.796,0.935,0.0,0.167,92.019,-3.912,0,5,,
2GpT2EoHXeicqxIDrgcHSK,Healing - Japanese ver.,SEVENTEEN,0.107,0.651,0.803,0.825,0.0,0.0408,117.038,-4.126,1,2,,
1lpjuccSqlBpMB4qBlvhou,Ride the Vibe (Japanese Ver.),NEXZ,0.0279,0.654,0.858,0.816,0.0,0.214,90.104,-3.54,1,1,,
